Fname,Lname,Status,Location,Occupation
EMMA,SMITH,SINGLE,"NEW YORK, NEW YORK",DENTIST
OLIVIA,JOHNSON,DIVORCED,"LOS ANGELES,  CALIFORNIA",REGISTERED NURSE
AVA,WILLIAMS,ENGAGED,"CHICAGO,  ILLINOIS",PHARMACIST
ISABELLA,BROWN,MARRIED,"HOUSTON,  TEXAS",COMPUTER SYSTEMS ANALYST
SOPHIA,JONES,SINGLE,"PHOENIX,  ARIZONA",PHYSICIAN
CHARLOTTE,GARCIA,DIVORCED,"PHILADELPHIA,  PENNSYLVANIA",DATABASE ADMINISTRATOR
MIA,MILLER,ENGAGED,"SAN ANTONIO,  TEXAS",SOFTWARE DEVELOPER
AMELIA,DAVIS,MARRIED,"SAN DIEGO,  CALIFORNIA",PHYSICAL THERAPIST
HARPER,RODRIGUEZ,SINGLE,"DALLAS,  TEXAS",WEB DEVELOPER
EVELYN,MARTINEZ,DIVORCED,"SAN JOSE,  CALIFORNIA",DENTAL HYGIENIST
ABIGAIL,HERNANDEZ,ENGAGED,"AUSTIN,  TEXAS",OCCUPATIONAL THERAPIST
EMILY,LOPEZ,MARRIED,"JACKSONVILLE,  FLORIDA",VETERINARIAN
ELIZABETH,GONZALEZ,SINGLE,"FORT WORTH,  TEXAS",COMPUTER PROGRAMMER
MILA,WILSON,DIVORCED,"COLUMBUS,  OHIO",SCHOOL PSYCHOLOGIST
ELLA,ANDERSON,ENGAGED,"SAN FRANCISCO,  CALIFORNIA",PHYSICAL THERAPIST ASSISTANT
AVERY,THOMAS,MARRIED,"CHARLOTTE,  NORTH CAROLINA",INTERPRETER & TRANSLATOR
SOFIA,TAYLOR,SINGLE,"INDIANAPOLIS,  INDIANA",MECHANICAL ENGINEER
CAMILA,MOORE,DIVORCED,"SEATTLE,  WASHINGTON",VETERINARY TECHNOLOGIST & TECHNICIAN
ARIA,JACKSON,ENGAGED,"DENVER,  COLORADO",EPIDEMIOLOGIST
SCARLETT,MARTIN,MARRIED,"WASHINGTON,  DISTRICT OF COLUMBIA",IT MANAGER
VICTORIA,LEE,SINGLE,"BOSTON,  MASSACHUSETTS",MARKET RESEARCH ANALYST
MADISON,PEREZ,DIVORCED,"EL PASO,  TEXAS",DIAGNOSTIC MEDICAL SONOGRAPHER
LUNA,THOMPSON,ENGAGED,"DETROIT,  MICHIGAN",COMPUTER SYSTEMS ADMINISTRATOR
GRACE,WHITE,MARRIED,"NASHVILLE,  TENNESSEE",RESPIRATORY THERAPIST
CHLOE,HARRIS,SINGLE,"PORTLAND,  OREGON",MEDICAL SECRETARY
PENELOPE,SANCHEZ,DIVORCED,"MEMPHIS,  TENNESSEE",CIVIL ENGINEER
LAYLA,CLARK,ENGAGED,"OKLAHOMA CITY,  OKLAHOMA",SUBSTANCE ABUSE COUNSELOR
RILEY,RAMIREZ,MARRIED,"LAS VEGAS,  NEVADA",SPEECH-LANGUAGE PATHOLOGIST
ZOEY,LEWIS,SINGLE,"LOUISVILLE,  KENTUCKY",LANDSCAPER & GROUNDSKEEPER
NORA,ROBINSON,DIVORCED,"BALTIMORE,  MARYLAND",RADIOLOGIC TECHNOLOGIST
LILY,WALKER,ENGAGED,"MILWAUKEE,  WISCONSIN",COST ESTIMATOR
ELEANOR,YOUNG,MARRIED,"ALBUQUERQUE,  NEW MEXICO",FINANCIAL ADVISOR
HANNAH,ALLEN,SINGLE,"TUCSON,  ARIZONA",MARRIAGE & FAMILY THERAPIST
LILLIAN,KING,DIVORCED,"FRESNO,  CALIFORNIA",MEDICAL ASSISTANT
ADDISON,WRIGHT,ENGAGED,"MESA,  ARIZONA",LAWYER
AUBREY,SCOTT,MARRIED,"SACRAMENTO,  CALIFORNIA",ACCOUNTANT
ELLIE,TORRES,SINGLE,"ATLANTA,  GEORGIA",COMPLIANCE OFFICER
STELLA,NGUYEN,DIVORCED,"KANSAS CITY,  MISSOURI",HIGH SCHOOL TEACHER
NATALIE,HILL,ENGAGED,"COLORADO SPRINGS,  COLORADO",CLINICAL LABORATORY TECHNICIAN
ZOE,FLORES,MARRIED,"MIAMI,  FLORIDA",MAINTENANCE & REPAIR WORKER
LEAH,GREEN,SINGLE,"RALEIGH,  NORTH CAROLINA","BOOKKEEPING, ACCOUNTING, & AUDIT CLERK"
HAZEL,ADAMS,DIVORCED,"OMAHA,  NEBRASKA",FINANCIAL MANAGER
VIOLET,NELSON,ENGAGED,"LONG BEACH,  CALIFORNIA",RECREATION & FITNESS WORKER
AURORA,BAKER,MARRIED,"VIRGINIA BEACH,  VIRGINIA",INSURANCE AGENT
SAVANNAH,HALL,SINGLE,"OAKLAND,  CALIFORNIA",ELEMENTARY SCHOOL TEACHER
AUDREY,RIVERA,DIVORCED,"MINNEAPOLIS,  MINNESOTA",DENTAL ASSISTANT
BROOKLYN,CAMPBELL,ENGAGED,"TULSA,  OKLAHOMA",MANAGEMENT ANALYST
BELLA,MITCHELL,MARRIED,"ARLINGTON,  TEXAS",HOME HEALTH AIDE
CLAIRE,CARTER,SINGLE,"TAMPA,  FLORIDA",PHARMACY TECHNICIAN
SKYLAR,ROBERTS,DIVORCED,"NEW ORLEANS,  LOUISIANA",CONSTRUCTION MANAGER
LUCY,GOMEZ,ENGAGED,"WICHITA,  KANSAS",PUBLIC RELATIONS SPECIALIST
PAISLEY,PHILLIPS,MARRIED,"CLEVELAND,  OHIO",MIDDLE SCHOOL TEACHER
EVERLY,EVANS,SINGLE,"BAKERSFIELD,  CALIFORNIA",MASSAGE THERAPIST
ANNA,TURNER,DIVORCED,"AURORA,  COLORADO",PARAMEDIC
CAROLINE,DIAZ,ENGAGED,"ANAHEIM,  CALIFORNIA",PRESCHOOL TEACHER
NOVA,PARKER,MARRIED,"HONOLULU,  HAWAII",HAIRDRESSER
GENESIS,CRUZ,SINGLE,"SANTA ANA,  CALIFORNIA",MARKETING MANAGER
EMILIA,EDWARDS,DIVORCED,"RIVERSIDE,  CALIFORNIA",PATROL OFFICER
KENNEDY,COLLINS,ENGAGED,"CORPUS CHRISTI,  TEXAS",SCHOOL COUNSELOR
SAMANTHA,REYES,MARRIED,"LEXINGTON,  KENTUCKY",EXECUTIVE ASSISTANT
MAYA,STEWART,SINGLE,"STOCKTON,  CALIFORNIA",FINANCIAL ANALYST
WILLOW,MORRIS,DIVORCED,"HENDERSON,  NEVADA",PERSONAL CARE AIDE
KINSLEY,MORALES,ENGAGED,"SAINT PAUL,  MINNESOTA",CLINICAL SOCIAL WORKER
NAOMI,MURPHY,MARRIED,"ST. LOUIS,  MISSOURI",BUSINESS OPERATIONS MANAGER
AALIYAH,COOK,SINGLE,"CINCINNATI,  OHIO",LOAN OFFICER
ELENA,ROGERS,DIVORCED,"PITTSBURGH,  PENNSYLVANIA","MEETING, CONVENTION & EVENT PLANNER"
SARAH,GUTIERREZ,ENGAGED,"GREENSBORO,  NORTH CAROLINA",MENTAL HEALTH COUNSELOR
ARIANA,ORTIZ,MARRIED,"ANCHORAGE,  ALASKA",NURSING AIDE
ALLISON,MORGAN,SINGLE,"PLANO,  TEXAS",SALES REPRESENTATIVE
GABRIELLA,COOPER,DIVORCED,"LINCOLN,  NEBRASKA",ARCHITECT
ALICE,PETERSON,ENGAGED,"ORLANDO,  FLORIDA",SALES MANAGER
MADELYN,BAILEY,MARRIED,"IRVINE,  CALIFORNIA",HR SPECIALIST
CORA,REED,SINGLE,"NEWARK,  NEW JERSEY",PLUMBER
RUBY,KELLY,SINGLE,"TOLEDO,  OHIO",REAL ESTATE AGENT
EVA,HOWARD,DIVORCED,"DURHAM,  NORTH CAROLINA",GLAZIER
SERENITY,RAMOS,ENGAGED,"CHULA VISTA,  CALIFORNIA",ART DIRECTOR
AUTUMN,KIM,MARRIED,"FORT WAYNE,  INDIANA",CUSTOMER SERVICE REPRESENTATIVE
ADELINE,COX,SINGLE,"JERSEY CITY,  NEW JERSEY",LOGISTICIAN
HAILEY,WARD,DIVORCED,"ST. PETERSBURG,  FLORIDA",AUTO MECHANIC
GIANNA,RICHARDSON,ENGAGED,"LAREDO,  TEXAS",BUS DRIVER
VALENTINA,WATSON,MARRIED,"MADISON,  WISCONSIN",RESTAURANT COOK
ISLA,BROOKS,SINGLE,"CHANDLER,  ARIZONA",CHILD & FAMILY SOCIAL WORKER
ELIANA,CHAVEZ,SINGLE,"BUFFALO,  NEW YORK",ADMINISTRATIVE ASSISTANT
QUINN,WOOD,DIVORCED,"LUBBOCK,  TEXAS",RECEPTIONIST
NEVAEH,JAMES,ENGAGED,"SCOTTSDALE,  ARIZONA",PARALEGAL
IVY,BENNETT,MARRIED,"RENO,  NEVADA",CEMENT MASON & CONCRETE FINISHER
SADIE,GRAY,SINGLE,"GLENDALE,  ARIZONA",PAINTER
PIPER,MENDOZA,DIVORCED,"GILBERT,  ARIZONA",SPORTS COACH
LYDIA,RUIZ,ENGAGED,"WINSTON–SALEM,  NORTH CAROLINA",TEACHER ASSISTANT
ALEXA,HUGHES,MARRIED,"NORTH LAS VEGAS,  NEVADA",BRICKMASON & BLOCKMASON
JOSEPHINE,PRICE,SINGLE,"NORFOLK,  VIRGINIA",CASHIER
EMERY,ALVAREZ,SINGLE,"CHESAPEAKE,  VIRGINIA",JANITOR
JULIA,CASTILLO,DIVORCED,"GARLAND,  TEXAS",ELECTRICIAN
DELILAH,SANDERS,ENGAGED,"IRVING,  TEXAS",DELIVERY TRUCK DRIVER
ARIANNA,PATEL,MARRIED,"HIALEAH,  FLORIDA",MAID & HOUSEKEEPER
VIVIAN,MYERS,SINGLE,"FREMONT,  CALIFORNIA",CARPENTER
KAYLEE,LONG,DIVORCED,"BOISE,  IDAHO",SECURITY GUARD
SOPHIE,ROSS,ENGAGED,"RICHMOND,  VIRGINIA",CONSTRUCTION WORKER
BRIELLE,FOSTER,MARRIED,"BATON ROUGE,  LOUISIANA",FABRICATOR
MADELINE,JIMENEZ,SINGLE,"SPOKANE,  WASHINGTON",TELEMARKETER
PEYTON,POWELL,SINGLE,"NEW YORK, NEW YORK",DENTIST
RYLEE,JENKINS,DIVORCED,"LOS ANGELES,  CALIFORNIA",REGISTERED NURSE
CLARA,PERRY,ENGAGED,"CHICAGO,  ILLINOIS",PHARMACIST
HADLEY,RUSSELL,MARRIED,"HOUSTON,  TEXAS",COMPUTER SYSTEMS ANALYST
MELANIE,SULLIVAN,SINGLE,"PHOENIX,  ARIZONA",PHYSICIAN
MACKENZIE,BELL,DIVORCED,"PHILADELPHIA,  PENNSYLVANIA",DATABASE ADMINISTRATOR
REAGAN,COLEMAN,ENGAGED,"SAN ANTONIO,  TEXAS",SOFTWARE DEVELOPER
ADALYNN,BUTLER,MARRIED,"SAN DIEGO,  CALIFORNIA",PHYSICAL THERAPIST
LILIANA,HENDERSON,SINGLE,"DALLAS,  TEXAS",WEB DEVELOPER
AUBREE,BARNES,SINGLE,"SAN JOSE,  CALIFORNIA",DENTAL HYGIENIST
JADE,GONZALES,DIVORCED,"AUSTIN,  TEXAS",OCCUPATIONAL THERAPIST
KATHERINE,FISHER,ENGAGED,"JACKSONVILLE,  FLORIDA",VETERINARIAN
ISABELLE,VASQUEZ,MARRIED,"FORT WORTH,  TEXAS",COMPUTER PROGRAMMER
NATALIA,SIMMONS,SINGLE,"COLUMBUS,  OHIO",SCHOOL PSYCHOLOGIST
RAELYNN,ROMERO,DIVORCED,"SAN FRANCISCO,  CALIFORNIA",PHYSICAL THERAPIST ASSISTANT
MARIA,JORDAN,ENGAGED,"CHARLOTTE,  NORTH CAROLINA",INTERPRETER & TRANSLATOR
ATHENA,PATTERSON,MARRIED,"INDIANAPOLIS,  INDIANA",MECHANICAL ENGINEER
XIMENA,ALEXANDER,SINGLE,"SEATTLE,  WASHINGTON",VETERINARY TECHNOLOGIST & TECHNICIAN
ARYA,HAMILTON,SINGLE,"DENVER,  COLORADO",EPIDEMIOLOGIST
LEILANI,GRAHAM,DIVORCED,"WASHINGTON,  DISTRICT OF COLUMBIA",IT MANAGER
TAYLOR,REYNOLDS,ENGAGED,"BOSTON,  MASSACHUSETTS",MARKET RESEARCH ANALYST
FAITH,GRIFFIN,MARRIED,"EL PASO,  TEXAS",DIAGNOSTIC MEDICAL SONOGRAPHER
ROSE,WALLACE,SINGLE,"DETROIT,  MICHIGAN",COMPUTER SYSTEMS ADMINISTRATOR
KYLIE,MORENO,DIVORCED,"NASHVILLE,  TENNESSEE",RESPIRATORY THERAPIST
ALEXANDRA,WEST,ENGAGED,"PORTLAND,  OREGON",MEDICAL SECRETARY
MARY,COLE,MARRIED,"MEMPHIS,  TENNESSEE",CIVIL ENGINEER
MARGARET,HAYES,SINGLE,"OKLAHOMA CITY,  OKLAHOMA",SUBSTANCE ABUSE COUNSELOR
LYLA,BRYANT,SINGLE,"LAS VEGAS,  NEVADA",SPEECH-LANGUAGE PATHOLOGIST
ASHLEY,HERRERA,DIVORCED,"LOUISVILLE,  KENTUCKY",LANDSCAPER & GROUNDSKEEPER
AMAYA,GIBSON,ENGAGED,"BALTIMORE,  MARYLAND",RADIOLOGIC TECHNOLOGIST
ELIZA,ELLIS,MARRIED,"MILWAUKEE,  WISCONSIN",COST ESTIMATOR
BRIANNA,TRAN,SINGLE,"ALBUQUERQUE,  NEW MEXICO",FINANCIAL ADVISOR
BAILEY,MEDINA,DIVORCED,"TUCSON,  ARIZONA",MARRIAGE & FAMILY THERAPIST
ANDREA,AGUILAR,ENGAGED,"FRESNO,  CALIFORNIA",MEDICAL ASSISTANT
KHLOE,STEVENS,MARRIED,"MESA,  ARIZONA",LAWYER
JASMINE,MURRAY,SINGLE,"SACRAMENTO,  CALIFORNIA",ACCOUNTANT
MELODY,FORD,SINGLE,"ATLANTA,  GEORGIA",COMPLIANCE OFFICER
IRIS,CASTRO,DIVORCED,"KANSAS CITY,  MISSOURI",HIGH SCHOOL TEACHER
ISABEL,MARSHALL,ENGAGED,"COLORADO SPRINGS,  COLORADO",CLINICAL LABORATORY TECHNICIAN
NORAH,OWENS,MARRIED,"MIAMI,  FLORIDA",MAINTENANCE & REPAIR WORKER
ANNABELLE,HARRISON,SINGLE,"RALEIGH,  NORTH CAROLINA","BOOKKEEPING, ACCOUNTING, & AUDIT CLERK"
VALERIA,FERNANDEZ,DIVORCED,"OMAHA,  NEBRASKA",FINANCIAL MANAGER
EMERSON,MCDONALD,ENGAGED,"LONG BEACH,  CALIFORNIA",RECREATION & FITNESS WORKER
ADALYN,WOODS,MARRIED,"VIRGINIA BEACH,  VIRGINIA",INSURANCE AGENT
RYLEIGH,WASHINGTON,SINGLE,"OAKLAND,  CALIFORNIA",ELEMENTARY SCHOOL TEACHER
EDEN,KENNEDY,SINGLE,"MINNEAPOLIS,  MINNESOTA",DENTAL ASSISTANT
EMERSYN,WELLS,DIVORCED,"TULSA,  OKLAHOMA",MANAGEMENT ANALYST
ANASTASIA,VARGAS,ENGAGED,"ARLINGTON,  TEXAS",HOME HEALTH AIDE
KAYLA,HENRY,MARRIED,"TAMPA,  FLORIDA",PHARMACY TECHNICIAN
ALYSSA,CHEN,SINGLE,"NEW ORLEANS,  LOUISIANA",CONSTRUCTION MANAGER
JULIANA,FREEMAN,DIVORCED,"WICHITA,  KANSAS",PUBLIC RELATIONS SPECIALIST
CHARLIE,WEBB,ENGAGED,"CLEVELAND,  OHIO",MIDDLE SCHOOL TEACHER
ESTHER,TUCKER,MARRIED,"BAKERSFIELD,  CALIFORNIA",MASSAGE THERAPIST
ARIEL,GUZMAN,SINGLE,"AURORA,  COLORADO",PARAMEDIC
CECILIA,BURNS,SINGLE,"ANAHEIM,  CALIFORNIA",PRESCHOOL TEACHER
VALERIE,CRAWFORD,DIVORCED,"HONOLULU,  HAWAII",HAIRDRESSER
ALINA,OLSON,ENGAGED,"SANTA ANA,  CALIFORNIA",MARKETING MANAGER
MOLLY,SIMPSON,MARRIED,"RIVERSIDE,  CALIFORNIA",PATROL OFFICER
REESE,PORTER,SINGLE,"CORPUS CHRISTI,  TEXAS",SCHOOL COUNSELOR
ALIYAH,HUNTER,DIVORCED,"LEXINGTON,  KENTUCKY",EXECUTIVE ASSISTANT
LILLY,GORDON,ENGAGED,"STOCKTON,  CALIFORNIA",FINANCIAL ANALYST
PARKER,MENDEZ,MARRIED,"HENDERSON,  NEVADA",PERSONAL CARE AIDE
FINLEY,SILVA,SINGLE,"SAINT PAUL,  MINNESOTA",CLINICAL SOCIAL WORKER
MORGAN,SHAW,SINGLE,"ST. LOUIS,  MISSOURI",BUSINESS OPERATIONS MANAGER
SYDNEY,SNYDER,DIVORCED,"CINCINNATI,  OHIO",LOAN OFFICER
JORDYN,MASON,ENGAGED,"PITTSBURGH,  PENNSYLVANIA","MEETING, CONVENTION & EVENT PLANNER"
ELOISE,DIXON,MARRIED,"GREENSBORO,  NORTH CAROLINA",MENTAL HEALTH COUNSELOR
TRINITY,MUNOZ,SINGLE,"ANCHORAGE,  ALASKA",NURSING AIDE
DAISY,HUNT,DIVORCED,"PLANO,  TEXAS",SALES REPRESENTATIVE
KIMBERLY,HICKS,ENGAGED,"LINCOLN,  NEBRASKA",ARCHITECT
LAUREN,HOLMES,MARRIED,"ORLANDO,  FLORIDA",SALES MANAGER
GENEVIEVE,PALMER,SINGLE,"IRVINE,  CALIFORNIA",HR SPECIALIST
SARA,WAGNER,SINGLE,"NEWARK,  NEW JERSEY",PLUMBER
ARABELLA,BLACK,DIVORCED,"TOLEDO,  OHIO",REAL ESTATE AGENT
HARMONY,ROBERTSON,ENGAGED,"DURHAM,  NORTH CAROLINA",GLAZIER
ELISE,BOYD,MARRIED,"CHULA VISTA,  CALIFORNIA",ART DIRECTOR
REMI,ROSE,SINGLE,"FORT WAYNE,  INDIANA",CUSTOMER SERVICE REPRESENTATIVE
TEAGAN,STONE,DIVORCED,"JERSEY CITY,  NEW JERSEY",LOGISTICIAN
ALEXIS,SALAZAR,ENGAGED,"ST. PETERSBURG,  FLORIDA",AUTO MECHANIC
LONDON,FOX,MARRIED,"LAREDO,  TEXAS",BUS DRIVER
SLOANE,WARREN,SINGLE,"MADISON,  WISCONSIN",RESTAURANT COOK
LAILA,MILLS,SINGLE,"CHANDLER,  ARIZONA",CHILD & FAMILY SOCIAL WORKER
LUCIA,MEYER,DIVORCED,"BUFFALO,  NEW YORK",ADMINISTRATIVE ASSISTANT
DIANA,RICE,ENGAGED,"LUBBOCK,  TEXAS",RECEPTIONIST
JULIETTE,SCHMIDT,MARRIED,"SCOTTSDALE,  ARIZONA",PARALEGAL
SIENNA,GARZA,SINGLE,"RENO,  NEVADA",CEMENT MASON & CONCRETE FINISHER
ELLIANA,DANIELS,DIVORCED,"GLENDALE,  ARIZONA",PAINTER
LONDYN,FERGUSON,ENGAGED,"GILBERT,  ARIZONA",SPORTS COACH
AYLA,NICHOLS,MARRIED,"WINSTON–SALEM,  NORTH CAROLINA",TEACHER ASSISTANT
CALLIE,STEPHENS,SINGLE,"NORTH LAS VEGAS,  NEVADA",BRICKMASON & BLOCKMASON
GRACIE,SOTO,SINGLE,"NORFOLK,  VIRGINIA",CASHIER
JOSIE,WEAVER,DIVORCED,"CHESAPEAKE,  VIRGINIA",JANITOR
AMARA,RYAN,ENGAGED,"GARLAND,  TEXAS",ELECTRICIAN
JOCELYN,GARDNER,MARRIED,"IRVING,  TEXAS",DELIVERY TRUCK DRIVER
DANIELA,PAYNE,SINGLE,"HIALEAH,  FLORIDA",MAID & HOUSEKEEPER
EVERLEIGH,GRANT,DIVORCED,"FREMONT,  CALIFORNIA",CARPENTER
MYA,DUNN,ENGAGED,"BOISE,  IDAHO",SECURITY GUARD
RACHEL,KELLEY,MARRIED,"RICHMOND,  VIRGINIA",CONSTRUCTION WORKER
SUMMER,SPENCER,SINGLE,"BATON ROUGE,  LOUISIANA",FABRICATOR
ALANA,HAWKINS,SINGLE,"SPOKANE,  WASHINGTON",TELEMARKETER
BROOKE,ARNOLD,DIVORCED,"NEW YORK, NEW YORK",DENTIST
ALAINA,PIERCE,ENGAGED,"LOS ANGELES,  CALIFORNIA",REGISTERED NURSE
MCKENZIE,VAZQUEZ,MARRIED,"CHICAGO,  ILLINOIS",PHARMACIST
CATHERINE,HANSEN,SINGLE,"HOUSTON,  TEXAS",COMPUTER SYSTEMS ANALYST
AMY,PETERS,DIVORCED,"PHOENIX,  ARIZONA",PHYSICIAN
PRESLEY,SANTOS,ENGAGED,"PHILADELPHIA,  PENNSYLVANIA",DATABASE ADMINISTRATOR
JOURNEE,HART,MARRIED,"SAN ANTONIO,  TEXAS",SOFTWARE DEVELOPER
ROSALIE,BRADLEY,SINGLE,"SAN DIEGO,  CALIFORNIA",PHYSICAL THERAPIST
EMBER,KNIGHT,SINGLE,"DALLAS,  TEXAS",WEB DEVELOPER
BRYNLEE,ELLIOTT,DIVORCED,"SAN JOSE,  CALIFORNIA",DENTAL HYGIENIST
ROWAN,CUNNINGHAM,ENGAGED,"AUSTIN,  TEXAS",OCCUPATIONAL THERAPIST
JOANNA,DUNCAN,MARRIED,"JACKSONVILLE,  FLORIDA",VETERINARIAN
PAIGE,ARMSTRONG,SINGLE,"FORT WORTH,  TEXAS",COMPUTER PROGRAMMER
REBECCA,HUDSON,DIVORCED,"COLUMBUS,  OHIO",SCHOOL PSYCHOLOGIST
ANA,CARROLL,ENGAGED,"SAN FRANCISCO,  CALIFORNIA",PHYSICAL THERAPIST ASSISTANT
SAWYER,LANE,MARRIED,"CHARLOTTE,  NORTH CAROLINA",INTERPRETER & TRANSLATOR
MARIAH,RILEY,SINGLE,"INDIANAPOLIS,  INDIANA",MECHANICAL ENGINEER
NICOLE,ANDREWS,SINGLE,"SEATTLE,  WASHINGTON",VETERINARY TECHNOLOGIST & TECHNICIAN
BROOKLYNN,ALVARADO,DIVORCED,"DENVER,  COLORADO",EPIDEMIOLOGIST
PAYTON,RAY,ENGAGED,"WASHINGTON,  DISTRICT OF COLUMBIA",IT MANAGER
MARLEY,DELGADO,MARRIED,"BOSTON,  MASSACHUSETTS",MARKET RESEARCH ANALYST
FIONA,BERRY,SINGLE,"EL PASO,  TEXAS",DIAGNOSTIC MEDICAL SONOGRAPHER
GEORGIA,PERKINS,DIVORCED,"DETROIT,  MICHIGAN",COMPUTER SYSTEMS ADMINISTRATOR
LILA,HOFFMAN,ENGAGED,"NASHVILLE,  TENNESSEE",RESPIRATORY THERAPIST
HARLEY,JOHNSTON,MARRIED,"PORTLAND,  OREGON",MEDICAL SECRETARY
ADELYN,MATTHEWS,SINGLE,"MEMPHIS,  TENNESSEE",CIVIL ENGINEER
ALIVIA,PENA,SINGLE,"OKLAHOMA CITY,  OKLAHOMA",SUBSTANCE ABUSE COUNSELOR
NOELLE,RICHARDS,DIVORCED,"LAS VEGAS,  NEVADA",SPEECH-LANGUAGE PATHOLOGIST
GEMMA,CONTRERAS,ENGAGED,"LOUISVILLE,  KENTUCKY",LANDSCAPER & GROUNDSKEEPER
VANESSA,WILLIS,MARRIED,"BALTIMORE,  MARYLAND",RADIOLOGIC TECHNOLOGIST
JOURNEY,CARPENTER,SINGLE,"MILWAUKEE,  WISCONSIN",COST ESTIMATOR
MAKAYLA,LAWRENCE,DIVORCED,"ALBUQUERQUE,  NEW MEXICO",FINANCIAL ADVISOR
ANGELINA,SANDOVAL,ENGAGED,"TUCSON,  ARIZONA",MARRIAGE & FAMILY THERAPIST
ADALINE,GUERRERO,MARRIED,"FRESNO,  CALIFORNIA",MEDICAL ASSISTANT
CATALINA,GEORGE,SINGLE,"MESA,  ARIZONA",LAWYER
ALAYNA,CHAPMAN,SINGLE,"SACRAMENTO,  CALIFORNIA",ACCOUNTANT
JULIANNA,RIOS,DIVORCED,"ATLANTA,  GEORGIA",COMPLIANCE OFFICER
LEILA,ESTRADA,ENGAGED,"KANSAS CITY,  MISSOURI",HIGH SCHOOL TEACHER
LOLA,ORTEGA,MARRIED,"COLORADO SPRINGS,  COLORADO",CLINICAL LABORATORY TECHNICIAN
ADRIANA,WATKINS,SINGLE,"MIAMI,  FLORIDA",MAINTENANCE & REPAIR WORKER
JUNE,GREENE,DIVORCED,"RALEIGH,  NORTH CAROLINA","BOOKKEEPING, ACCOUNTING, & AUDIT CLERK"
JULIET,NUNEZ,ENGAGED,"OMAHA,  NEBRASKA",FINANCIAL MANAGER
JAYLA,WHEELER,MARRIED,"LONG BEACH,  CALIFORNIA",RECREATION & FITNESS WORKER
RIVER,VALDEZ,SINGLE,"VIRGINIA BEACH,  VIRGINIA",INSURANCE AGENT
TESSA,HARPER,SINGLE,"OAKLAND,  CALIFORNIA",ELEMENTARY SCHOOL TEACHER
LIA,BURKE,DIVORCED,"MINNEAPOLIS,  MINNESOTA",DENTAL ASSISTANT
DAKOTA,LARSON,ENGAGED,"TULSA,  OKLAHOMA",MANAGEMENT ANALYST
DELANEY,SANTIAGO,MARRIED,"ARLINGTON,  TEXAS",HOME HEALTH AIDE
SELENA,MALDONADO,SINGLE,"TAMPA,  FLORIDA",PHARMACY TECHNICIAN
BLAKELY,MORRISON,DIVORCED,"NEW ORLEANS,  LOUISIANA",CONSTRUCTION MANAGER
ADA,FRANKLIN,ENGAGED,"WICHITA,  KANSAS",PUBLIC RELATIONS SPECIALIST
CAMILLE,CARLSON,MARRIED,"CLEVELAND,  OHIO",MIDDLE SCHOOL TEACHER
ZARA,AUSTIN,SINGLE,"BAKERSFIELD,  CALIFORNIA",MASSAGE THERAPIST
MALIA,DOMINGUEZ,SINGLE,"AURORA,  COLORADO",PARAMEDIC
HOPE,CARR,DIVORCED,"ANAHEIM,  CALIFORNIA",PRESCHOOL TEACHER
SAMARA,LAWSON,ENGAGED,"HONOLULU,  HAWAII",HAIRDRESSER
VERA,JACOBS,MARRIED,"SANTA ANA,  CALIFORNIA",MARKETING MANAGER
MCKENNA,OBRIEN,SINGLE,"RIVERSIDE,  CALIFORNIA",PATROL OFFICER
BRIELLA,LYNCH,DIVORCED,"CORPUS CHRISTI,  TEXAS",SCHOOL COUNSELOR
IZABELLA,SINGH,ENGAGED,"LEXINGTON,  KENTUCKY",EXECUTIVE ASSISTANT
HAYDEN,VEGA,MARRIED,"STOCKTON,  CALIFORNIA",FINANCIAL ANALYST
RAEGAN,BISHOP,SINGLE,"HENDERSON,  NEVADA",PERSONAL CARE AIDE
MICHELLE,MONTGOMERY,SINGLE,"SAINT PAUL,  MINNESOTA",CLINICAL SOCIAL WORKER
ANGELA,OLIVER,DIVORCED,"ST. LOUIS,  MISSOURI",BUSINESS OPERATIONS MANAGER
RUTH,JENSEN,ENGAGED,"CINCINNATI,  OHIO",LOAN OFFICER
FREYA,HARVEY,MARRIED,"PITTSBURGH,  PENNSYLVANIA","MEETING, CONVENTION & EVENT PLANNER"
KAMILA,WILLIAMSON,SINGLE,"GREENSBORO,  NORTH CAROLINA",MENTAL HEALTH COUNSELOR
VIVIENNE,GILBERT,DIVORCED,"ANCHORAGE,  ALASKA",NURSING AIDE
ASPEN,DEAN,ENGAGED,"PLANO,  TEXAS",SALES REPRESENTATIVE
OLIVE,SIMS,MARRIED,"LINCOLN,  NEBRASKA",ARCHITECT
KENDALL,ESPINOZA,SINGLE,"ORLANDO,  FLORIDA",SALES MANAGER
ELAINA,HOWELL,SINGLE,"IRVINE,  CALIFORNIA",HR SPECIALIST
THEA,LI,DIVORCED,"NEWARK,  NEW JERSEY",PLUMBER
KALI,WONG,ENGAGED,"TOLEDO,  OHIO",REAL ESTATE AGENT
DESTINY,REID,MARRIED,"DURHAM,  NORTH CAROLINA",GLAZIER
AMIYAH,HANSON,SINGLE,"CHULA VISTA,  CALIFORNIA",ART DIRECTOR
EVANGELINE,LE,DIVORCED,"FORT WAYNE,  INDIANA",CUSTOMER SERVICE REPRESENTATIVE
CALI,MCCOY,ENGAGED,"JERSEY CITY,  NEW JERSEY",LOGISTICIAN
BLAKE,GARRETT,MARRIED,"ST. PETERSBURG,  FLORIDA",AUTO MECHANIC
ELSIE,BURTON,SINGLE,"LAREDO,  TEXAS",BUS DRIVER
JUNIPER,FULLER,SINGLE,"MADISON,  WISCONSIN",RESTAURANT COOK
ALEXANDRIA,WANG,DIVORCED,"CHANDLER,  ARIZONA",CHILD & FAMILY SOCIAL WORKER
MYLA,WEBER,ENGAGED,"BUFFALO,  NEW YORK",ADMINISTRATIVE ASSISTANT
ARIELLA,WELCH,MARRIED,"LUBBOCK,  TEXAS",RECEPTIONIST
KATE,ROJAS,SINGLE,"SCOTTSDALE,  ARIZONA",PARALEGAL
MARIANA,LUCAS,DIVORCED,"RENO,  NEVADA",CEMENT MASON & CONCRETE FINISHER
LILAH,MARQUEZ,ENGAGED,"GLENDALE,  ARIZONA",PAINTER
CHARLEE,FIELDS,MARRIED,"GILBERT,  ARIZONA",SPORTS COACH
DALEYZA,PARK,SINGLE,"WINSTON–SALEM,  NORTH CAROLINA",TEACHER ASSISTANT
NYLA,YANG,SINGLE,"NORTH LAS VEGAS,  NEVADA",BRICKMASON & BLOCKMASON
JANE,LITTLE,DIVORCED,"NORFOLK,  VIRGINIA",CASHIER
MAGGIE,BANKS,ENGAGED,"CHESAPEAKE,  VIRGINIA",JANITOR
ZURI,PADILLA,MARRIED,"GARLAND,  TEXAS",ELECTRICIAN
ANIYAH,DAY,SINGLE,"IRVING,  TEXAS",DELIVERY TRUCK DRIVER
LUCILLE,WALSH,DIVORCED,"HIALEAH,  FLORIDA",MAID & HOUSEKEEPER
LEIA,BOWMAN,ENGAGED,"FREMONT,  CALIFORNIA",CARPENTER
MELISSA,SCHULTZ,MARRIED,"BOISE,  IDAHO",SECURITY GUARD
ADELAIDE,LUNA,SINGLE,"RICHMOND,  VIRGINIA",CONSTRUCTION WORKER
AMINA,FOWLER,SINGLE,"BATON ROUGE,  LOUISIANA",FABRICATOR
GISELLE,MEJIA,DIVORCED,"SPOKANE,  WASHINGTON",TELEMARKETER
LENA,DAVIDSON,ENGAGED,"NEW YORK, NEW YORK",DENTIST
CAMILLA,ACOSTA,MARRIED,"LOS ANGELES,  CALIFORNIA",REGISTERED NURSE
MIRIAM,BREWER,SINGLE,"CHICAGO,  ILLINOIS",PHARMACIST
MILLIE,MAY,DIVORCED,"HOUSTON,  TEXAS",COMPUTER SYSTEMS ANALYST
BRYNN,HOLLAND,ENGAGED,"PHOENIX,  ARIZONA",PHYSICIAN
GABRIELLE,JUAREZ,MARRIED,"PHILADELPHIA,  PENNSYLVANIA",DATABASE ADMINISTRATOR
SAGE,NEWMAN,SINGLE,"SAN ANTONIO,  TEXAS",SOFTWARE DEVELOPER
ANNIE,PEARSON,SINGLE,"SAN DIEGO,  CALIFORNIA",PHYSICAL THERAPIST
LOGAN,CURTIS,DIVORCED,"DALLAS,  TEXAS",WEB DEVELOPER
LILLIANA,CORTEZ,ENGAGED,"SAN JOSE,  CALIFORNIA",DENTAL HYGIENIST
HAVEN,DOUGLAS,MARRIED,"AUSTIN,  TEXAS",OCCUPATIONAL THERAPIST
JESSICA,SCHNEIDER,SINGLE,"JACKSONVILLE,  FLORIDA",VETERINARIAN
KAIA,JOSEPH,DIVORCED,"FORT WORTH,  TEXAS",COMPUTER PROGRAMMER
MAGNOLIA,BARRETT,ENGAGED,"COLUMBUS,  OHIO",SCHOOL PSYCHOLOGIST
AMIRA,NAVARRO,MARRIED,"SAN FRANCISCO,  CALIFORNIA",PHYSICAL THERAPIST ASSISTANT
ADELYNN,FIGUEROA,SINGLE,"CHARLOTTE,  NORTH CAROLINA",INTERPRETER & TRANSLATOR
MAKENZIE,KELLER,SINGLE,"INDIANAPOLIS,  INDIANA",MECHANICAL ENGINEER
STEPHANIE,AVILA,DIVORCED,"SEATTLE,  WASHINGTON",VETERINARY TECHNOLOGIST & TECHNICIAN
NINA,WADE,ENGAGED,"DENVER,  COLORADO",EPIDEMIOLOGIST
PHOEBE,MOLINA,MARRIED,"WASHINGTON,  DISTRICT OF COLUMBIA",IT MANAGER
ARIELLE,STANLEY,SINGLE,"BOSTON,  MASSACHUSETTS",MARKET RESEARCH ANALYST
EVIE,HOPKINS,DIVORCED,"EL PASO,  TEXAS",DIAGNOSTIC MEDICAL SONOGRAPHER
LYRIC,CAMPOS,ENGAGED,"DETROIT,  MICHIGAN",COMPUTER SYSTEMS ADMINISTRATOR
ALESSANDRA,BARNETT,MARRIED,"NASHVILLE,  TENNESSEE",RESPIRATORY THERAPIST
GABRIELA,BATES,SINGLE,"PORTLAND,  OREGON",MEDICAL SECRETARY
PAISLEE,CHAMBERS,SINGLE,"MEMPHIS,  TENNESSEE",CIVIL ENGINEER
RAELYN,CALDWELL,DIVORCED,"OKLAHOMA CITY,  OKLAHOMA",SUBSTANCE ABUSE COUNSELOR
MADILYN,BECK,ENGAGED,"LAS VEGAS,  NEVADA",SPEECH-LANGUAGE PATHOLOGIST
PARIS,LAMBERT,MARRIED,"LOUISVILLE,  KENTUCKY",LANDSCAPER & GROUNDSKEEPER
MAKENNA,MIRANDA,SINGLE,"BALTIMORE,  MARYLAND",RADIOLOGIC TECHNOLOGIST
KINLEY,BYRD,DIVORCED,"MILWAUKEE,  WISCONSIN",COST ESTIMATOR
GRACELYN,CRAIG,ENGAGED,"ALBUQUERQUE,  NEW MEXICO",FINANCIAL ADVISOR
TALIA,AYALA,MARRIED,"TUCSON,  ARIZONA",MARRIAGE & FAMILY THERAPIST
MAEVE,LOWE,SINGLE,"FRESNO,  CALIFORNIA",MEDICAL ASSISTANT
RYLIE,FRAZIER,SINGLE,"MESA,  ARIZONA",LAWYER
KIARA,POWERS,DIVORCED,"SACRAMENTO,  CALIFORNIA",ACCOUNTANT
EVELYNN,NEAL,ENGAGED,"ATLANTA,  GEORGIA",COMPLIANCE OFFICER
BRINLEY,LEONARD,MARRIED,"KANSAS CITY,  MISSOURI",HIGH SCHOOL TEACHER
JACQUELINE,GREGORY,SINGLE,"COLORADO SPRINGS,  COLORADO",CLINICAL LABORATORY TECHNICIAN
LAURA,CARRILLO,DIVORCED,"MIAMI,  FLORIDA",MAINTENANCE & REPAIR WORKER
GRACELYNN,SUTTON,ENGAGED,"RALEIGH,  NORTH CAROLINA","BOOKKEEPING, ACCOUNTING, & AUDIT CLERK"
LEXI,FLEMING,MARRIED,"OMAHA,  NEBRASKA",FINANCIAL MANAGER
ARIAH,RHODES,SINGLE,"LONG BEACH,  CALIFORNIA",RECREATION & FITNESS WORKER
FATIMA,SHELTON,SINGLE,"VIRGINIA BEACH,  VIRGINIA",INSURANCE AGENT
JENNIFER,SCHWARTZ,DIVORCED,"OAKLAND,  CALIFORNIA",ELEMENTARY SCHOOL TEACHER
KEHLANI,NORRIS,ENGAGED,"MINNEAPOLIS,  MINNESOTA",DENTAL ASSISTANT
ALANI,JENNINGS,MARRIED,"TULSA,  OKLAHOMA",MANAGEMENT ANALYST
ARIYAH,WATTS,SINGLE,"ARLINGTON,  TEXAS",HOME HEALTH AIDE
LUCIANA,DURAN,DIVORCED,"TAMPA,  FLORIDA",PHARMACY TECHNICIAN
ALLIE,WALTERS,ENGAGED,"NEW ORLEANS,  LOUISIANA",CONSTRUCTION MANAGER
HEIDI,COHEN,MARRIED,"WICHITA,  KANSAS",PUBLIC RELATIONS SPECIALIST
MACI,MCDANIEL,SINGLE,"CLEVELAND,  OHIO",MIDDLE SCHOOL TEACHER
PHOENIX,MORAN,SINGLE,"BAKERSFIELD,  CALIFORNIA",MASSAGE THERAPIST
FELICITY,PARKS,DIVORCED,"AURORA,  COLORADO",PARAMEDIC
JOY,STEELE,ENGAGED,"ANAHEIM,  CALIFORNIA",PRESCHOOL TEACHER
KENZIE,VAUGHN,MARRIED,"HONOLULU,  HAWAII",HAIRDRESSER
VERONICA,BECKER,SINGLE,"SANTA ANA,  CALIFORNIA",MARKETING MANAGER
MARGOT,HOLT,DIVORCED,"RIVERSIDE,  CALIFORNIA",PATROL OFFICER
ADDILYN,DELEON,ENGAGED,"CORPUS CHRISTI,  TEXAS",SCHOOL COUNSELOR
LANA,BARKER,MARRIED,"LEXINGTON,  KENTUCKY",EXECUTIVE ASSISTANT
CASSIDY,TERRY,SINGLE,"STOCKTON,  CALIFORNIA",FINANCIAL ANALYST
REMINGTON,HALE,SINGLE,"HENDERSON,  NEVADA",PERSONAL CARE AIDE
SAYLOR,LEON,DIVORCED,"SAINT PAUL,  MINNESOTA",CLINICAL SOCIAL WORKER
RYAN,HAIL,ENGAGED,"ST. LOUIS,  MISSOURI",BUSINESS OPERATIONS MANAGER
KEIRA,BENSON,MARRIED,"CINCINNATI,  OHIO",LOAN OFFICER
HARLOW,HAYNES,SINGLE,"PITTSBURGH,  PENNSYLVANIA","MEETING, CONVENTION & EVENT PLANNER"
MIRANDA,HORTON,DIVORCED,"GREENSBORO,  NORTH CAROLINA",MENTAL HEALTH COUNSELOR
ANGEL,MILES,ENGAGED,"ANCHORAGE,  ALASKA",NURSING AIDE
AMANDA,LYONS,MARRIED,"PLANO,  TEXAS",SALES REPRESENTATIVE
DANIELLA,PHAM,SINGLE,"LINCOLN,  NEBRASKA",ARCHITECT
ROYALTY,GRAVES,SINGLE,"ORLANDO,  FLORIDA",SALES MANAGER
GWENDOLYN,BUSH,DIVORCED,"IRVINE,  CALIFORNIA",HR SPECIALIST
OPHELIA,THORNTON,ENGAGED,"NEWARK,  NEW JERSEY",PLUMBER
HEAVEN,WOLFE,MARRIED,"TOLEDO,  OHIO",REAL ESTATE AGENT
JORDAN,WARNER,SINGLE,"DURHAM,  NORTH CAROLINA",GLAZIER
MADELEINE,CABRERA,DIVORCED,"CHULA VISTA,  CALIFORNIA",ART DIRECTOR
ESMERALDA,MCKINNEY,ENGAGED,"FORT WAYNE,  INDIANA",CUSTOMER SERVICE REPRESENTATIVE
KIRA,MANN,MARRIED,"JERSEY CITY,  NEW JERSEY",LOGISTICIAN
MIRACLE,ZIMMERMAN,SINGLE,"ST. PETERSBURG,  FLORIDA",AUTO MECHANIC
ELLE,DAWSON,SINGLE,"LAREDO,  TEXAS",BUS DRIVER
AMARI,LARA,DIVORCED,"MADISON,  WISCONSIN",RESTAURANT COOK
DANIELLE,FLETCHER,ENGAGED,"CHANDLER,  ARIZONA",CHILD & FAMILY SOCIAL WORKER
DAPHNE,PAGE,MARRIED,"BUFFALO,  NEW YORK",ADMINISTRATIVE ASSISTANT
WILLA,MCCARTHY,SINGLE,"LUBBOCK,  TEXAS",RECEPTIONIST
HALEY,LOVE,DIVORCED,"SCOTTSDALE,  ARIZONA",PARALEGAL
GIA,ROBLES,ENGAGED,"RENO,  NEVADA",CEMENT MASON & CONCRETE FINISHER
KAITLYN,CERVANTES,MARRIED,"GLENDALE,  ARIZONA",PAINTER
OAKLEY,SOLIS,SINGLE,"GILBERT,  ARIZONA",SPORTS COACH
KAILANI,ERICKSON,SINGLE,"WINSTON–SALEM,  NORTH CAROLINA",TEACHER ASSISTANT
WINTER,REEVES,DIVORCED,"NORTH LAS VEGAS,  NEVADA",BRICKMASON & BLOCKMASON
ALICIA,CHANG,ENGAGED,"NORFOLK,  VIRGINIA",CASHIER
SERENA,KLEIN,MARRIED,"CHESAPEAKE,  VIRGINIA",JANITOR
NADIA,SALINAS,SINGLE,"GARLAND,  TEXAS",ELECTRICIAN
AVIANA,FUENTES,DIVORCED,"IRVING,  TEXAS",DELIVERY TRUCK DRIVER
DEMI,BALDWIN,ENGAGED,"HIALEAH,  FLORIDA",MAID & HOUSEKEEPER
JADA,DANIEL,MARRIED,"FREMONT,  CALIFORNIA",CARPENTER
BRAELYNN,SIMON,SINGLE,"BOISE,  IDAHO",SECURITY GUARD
DYLAN,VELASQUEZ,SINGLE,"RICHMOND,  VIRGINIA",CONSTRUCTION WORKER
AINSLEY,HARDY,DIVORCED,"BATON ROUGE,  LOUISIANA",FABRICATOR
ALISON,HIGGINS,ENGAGED,"SPOKANE,  WASHINGTON",TELEMARKETER
CAMRYN,AGUIRRE,MARRIED,"NEW YORK, NEW YORK",DENTIST
AVIANNA,LIN,SINGLE,"LOS ANGELES,  CALIFORNIA",REGISTERED NURSE
BIANCA,CUMMINGS,DIVORCED,"CHICAGO,  ILLINOIS",PHARMACIST
SKYLER,CHANDLER,ENGAGED,"HOUSTON,  TEXAS",COMPUTER SYSTEMS ANALYST
SCARLET,SHARP,MARRIED,"PHOENIX,  ARIZONA",PHYSICIAN
MADDISON,BARBER,SINGLE,"PHILADELPHIA,  PENNSYLVANIA",DATABASE ADMINISTRATOR
NYLAH,BOWEN,SINGLE,"SAN ANTONIO,  TEXAS",SOFTWARE DEVELOPER
SARAI,OCHOA,DIVORCED,"SAN DIEGO,  CALIFORNIA",PHYSICAL THERAPIST
REGINA,DENNIS,ENGAGED,"DALLAS,  TEXAS",WEB DEVELOPER
DAHLIA,ROBBINS,MARRIED,"SAN JOSE,  CALIFORNIA",DENTAL HYGIENIST
NAYELI,LIU,SINGLE,"AUSTIN,  TEXAS",OCCUPATIONAL THERAPIST
RAVEN,RAMSEY,DIVORCED,"JACKSONVILLE,  FLORIDA",VETERINARIAN
HELEN,FRANCIS,ENGAGED,"FORT WORTH,  TEXAS",COMPUTER PROGRAMMER
ADRIANNA,GRIFFITH,MARRIED,"COLUMBUS,  OHIO",SCHOOL PSYCHOLOGIST
AVERIE,PAUL,SINGLE,"SAN FRANCISCO,  CALIFORNIA",PHYSICAL THERAPIST ASSISTANT
SKYE,BLAIR,SINGLE,"CHARLOTTE,  NORTH CAROLINA",INTERPRETER & TRANSLATOR
KELSEY,OCONNOR,DIVORCED,"INDIANAPOLIS,  INDIANA",MECHANICAL ENGINEER
TATUM,CARDENAS,ENGAGED,"SEATTLE,  WASHINGTON",VETERINARY TECHNOLOGIST & TECHNICIAN
KENSLEY,PACHECO,MARRIED,"DENVER,  COLORADO",EPIDEMIOLOGIST
MALIYAH,CROSS,SINGLE,"WASHINGTON,  DISTRICT OF COLUMBIA",IT MANAGER
ERIN,CALDERON,DIVORCED,"BOSTON,  MASSACHUSETTS",MARKET RESEARCH ANALYST
VIVIANA,QUINN,ENGAGED,"EL PASO,  TEXAS",DIAGNOSTIC MEDICAL SONOGRAPHER
JENNA,MOSS,MARRIED,"DETROIT,  MICHIGAN",COMPUTER SYSTEMS ADMINISTRATOR
ANAYA,SWANSON,SINGLE,"NASHVILLE,  TENNESSEE",RESPIRATORY THERAPIST
CAROLINA,CHAN,SINGLE,"PORTLAND,  OREGON",MEDICAL SECRETARY
SHELBY,RIVAS,DIVORCED,"MEMPHIS,  TENNESSEE",CIVIL ENGINEER
SABRINA,KHAN,ENGAGED,"OKLAHOMA CITY,  OKLAHOMA",SUBSTANCE ABUSE COUNSELOR
MIKAYLA,RODGERS,MARRIED,"LAS VEGAS,  NEVADA",SPEECH-LANGUAGE PATHOLOGIST
ANNALISE,SERRANO,SINGLE,"LOUISVILLE,  KENTUCKY",LANDSCAPER & GROUNDSKEEPER
OCTAVIA,FITZGERALD,DIVORCED,"BALTIMORE,  MARYLAND",RADIOLOGIC TECHNOLOGIST
LENNON,ROSALES,ENGAGED,"MILWAUKEE,  WISCONSIN",COST ESTIMATOR
BLAIR,STEVENSON,MARRIED,"ALBUQUERQUE,  NEW MEXICO",FINANCIAL ADVISOR
CARMEN,CHRISTENSEN,SINGLE,"TUCSON,  ARIZONA",MARRIAGE & FAMILY THERAPIST
YARETZI,MANNING,SINGLE,"FRESNO,  CALIFORNIA",MEDICAL ASSISTANT
KENNEDI,GILL,DIVORCED,"MESA,  ARIZONA",LAWYER
MABEL,CURRY,ENGAGED,"SACRAMENTO,  CALIFORNIA",ACCOUNTANT
ZARIAH,MCLAUGHLIN,MARRIED,"ATLANTA,  GEORGIA",COMPLIANCE OFFICER
KYLA,HARMON,SINGLE,"KANSAS CITY,  MISSOURI",HIGH SCHOOL TEACHER
CHRISTINA,MCGEE,DIVORCED,"COLORADO SPRINGS,  COLORADO",CLINICAL LABORATORY TECHNICIAN
SELAH,GROSS,ENGAGED,"MIAMI,  FLORIDA",MAINTENANCE & REPAIR WORKER
CELESTE,DOYLE,MARRIED,"RALEIGH,  NORTH CAROLINA","BOOKKEEPING, ACCOUNTING, & AUDIT CLERK"
EVE,GARNER,SINGLE,"OMAHA,  NEBRASKA",FINANCIAL MANAGER
MCKINLEY,NEWTON,SINGLE,"LONG BEACH,  CALIFORNIA",RECREATION & FITNESS WORKER
MILANI,BURGESS,DIVORCED,"VIRGINIA BEACH,  VIRGINIA",INSURANCE AGENT
FRANCES,REESE,ENGAGED,"OAKLAND,  CALIFORNIA",ELEMENTARY SCHOOL TEACHER
JIMENA,WALTON,MARRIED,"MINNEAPOLIS,  MINNESOTA",DENTAL ASSISTANT
KYLEE,BLAKE,SINGLE,"TULSA,  OKLAHOMA",MANAGEMENT ANALYST
LEIGHTON,TRUJILLO,DIVORCED,"ARLINGTON,  TEXAS",HOME HEALTH AIDE
KATIE,ADKINS,ENGAGED,"TAMPA,  FLORIDA",PHARMACY TECHNICIAN
AITANA,BRADY,MARRIED,"NEW ORLEANS,  LOUISIANA",CONSTRUCTION MANAGER
KAYLEIGH,GOODMAN,SINGLE,"WICHITA,  KANSAS",PUBLIC RELATIONS SPECIALIST
SIERRA,ROMAN,SINGLE,"CLEVELAND,  OHIO",MIDDLE SCHOOL TEACHER
KATHRYN,WEBSTER,DIVORCED,"BAKERSFIELD,  CALIFORNIA",MASSAGE THERAPIST
ROSEMARY,GOODWIN,ENGAGED,"AURORA,  COLORADO",PARAMEDIC
JOLENE,FISCHER,MARRIED,"ANAHEIM,  CALIFORNIA",PRESCHOOL TEACHER
ALONDRA,HUANG,SINGLE,"HONOLULU,  HAWAII",HAIRDRESSER
ELISA,POTTER,DIVORCED,"SANTA ANA,  CALIFORNIA",MARKETING MANAGER
HELENA,DELACRUZ,ENGAGED,"RIVERSIDE,  CALIFORNIA",PATROL OFFICER
CHARLEIGH,MONTOYA,MARRIED,"CORPUS CHRISTI,  TEXAS",SCHOOL COUNSELOR
HALLIE,TODD,SINGLE,"LEXINGTON,  KENTUCKY",EXECUTIVE ASSISTANT
LAINEY,WU,SINGLE,"STOCKTON,  CALIFORNIA",FINANCIAL ANALYST
AVAH,HINES,DIVORCED,"HENDERSON,  NEVADA",PERSONAL CARE AIDE
JAZLYN,MULLINS,ENGAGED,"SAINT PAUL,  MINNESOTA",CLINICAL SOCIAL WORKER
KAMRYN,CASTANEDA,MARRIED,"ST. LOUIS,  MISSOURI",BUSINESS OPERATIONS MANAGER
MIRA,MALONE,SINGLE,"CINCINNATI,  OHIO",LOAN OFFICER
CHEYENNE,CANNON,DIVORCED,"PITTSBURGH,  PENNSYLVANIA","MEETING, CONVENTION & EVENT PLANNER"
FRANCESCA,TATE,ENGAGED,"GREENSBORO,  NORTH CAROLINA",MENTAL HEALTH COUNSELOR
ANTONELLA,MACK,MARRIED,"ANCHORAGE,  ALASKA",NURSING AIDE
WREN,SHERMAN,SINGLE,"PLANO,  TEXAS",SALES REPRESENTATIVE
CHELSEA,HUBBARD,SINGLE,"LINCOLN,  NEBRASKA",ARCHITECT
AMBER,HODGES,DIVORCED,"ORLANDO,  FLORIDA",SALES MANAGER
EMORY,ZHANG,ENGAGED,"IRVINE,  CALIFORNIA",HR SPECIALIST
LORELEI,GUERRA,MARRIED,"NEWARK,  NEW JERSEY",PLUMBER
NIA,WOLF,SINGLE,"TOLEDO,  OHIO",REAL ESTATE AGENT
ABBY,VALENCIA,DIVORCED,"DURHAM,  NORTH CAROLINA",GLAZIER
APRIL,FRANCO,ENGAGED,"CHULA VISTA,  CALIFORNIA",ART DIRECTOR
EMELIA,SAUNDERS,MARRIED,"FORT WAYNE,  INDIANA",CUSTOMER SERVICE REPRESENTATIVE
CARTER,ROWE,SINGLE,"JERSEY CITY,  NEW JERSEY",LOGISTICIAN
AYLIN,GALLAGHER,SINGLE,"ST. PETERSBURG,  FLORIDA",AUTO MECHANIC
CATALEYA,FARMER,DIVORCED,"LAREDO,  TEXAS",BUS DRIVER
BETHANY,HAMMOND,ENGAGED,"MADISON,  WISCONSIN",RESTAURANT COOK
MARLEE,HAMPTON,MARRIED,"CHANDLER,  ARIZONA",CHILD & FAMILY SOCIAL WORKER
CARLY,TOWNSEND,SINGLE,"BUFFALO,  NEW YORK",ADMINISTRATIVE ASSISTANT
KAYLANI,INGRAM,DIVORCED,"LUBBOCK,  TEXAS",RECEPTIONIST
EMELY,WISE,ENGAGED,"SCOTTSDALE,  ARIZONA",PARALEGAL
LIANA,GALLEGOS,MARRIED,"RENO,  NEVADA",CEMENT MASON & CONCRETE FINISHER
MADELYNN,CLARKE,SINGLE,"GLENDALE,  ARIZONA",PAINTER
CADENCE,BARTON,SINGLE,"GILBERT,  ARIZONA",SPORTS COACH
MATILDA,SCHROEDER,DIVORCED,"WINSTON–SALEM,  NORTH CAROLINA",TEACHER ASSISTANT
SYLVIA,MAXWELL,ENGAGED,"NORTH LAS VEGAS,  NEVADA",BRICKMASON & BLOCKMASON
MYRA,WATERS,MARRIED,"NORFOLK,  VIRGINIA",CASHIER
FERNANDA,LOGAN,SINGLE,"CHESAPEAKE,  VIRGINIA",JANITOR
OAKLYN,CAMACHO,DIVORCED,"GARLAND,  TEXAS",ELECTRICIAN
ELIANNA,STRICKLAND,ENGAGED,"IRVING,  TEXAS",DELIVERY TRUCK DRIVER
HATTIE,NORMAN,MARRIED,"HIALEAH,  FLORIDA",MAID & HOUSEKEEPER
DAYANA,PERSON,SINGLE,"FREMONT,  CALIFORNIA",CARPENTER
KENDRA,COLON,SINGLE,"BOISE,  IDAHO",SECURITY GUARD
MAISIE,PARSONS,DIVORCED,"RICHMOND,  VIRGINIA",CONSTRUCTION WORKER
MALAYSIA,FRANK,ENGAGED,"BATON ROUGE,  LOUISIANA",FABRICATOR
KARA,HARRINGTON,MARRIED,"SPOKANE,  WASHINGTON",TELEMARKETER
KATELYN,GLOVER,SINGLE,"NEW YORK, NEW YORK",DENTIST
MAIA,OSBORNE,DIVORCED,"LOS ANGELES,  CALIFORNIA",REGISTERED NURSE
CELINE,BUCHANAN,ENGAGED,"CHICAGO,  ILLINOIS",PHARMACIST
CAMERON,CASEY,MARRIED,"HOUSTON,  TEXAS",COMPUTER SYSTEMS ANALYST
RENATA,FLOYD,SINGLE,"PHOENIX,  ARIZONA",PHYSICIAN
JAYLEEN,PATTON,SINGLE,"PHILADELPHIA,  PENNSYLVANIA",DATABASE ADMINISTRATOR
CHARLI,IBARRA,DIVORCED,"SAN ANTONIO,  TEXAS",SOFTWARE DEVELOPER
EMMALYN,BALL,ENGAGED,"SAN DIEGO,  CALIFORNIA",PHYSICAL THERAPIST
HOLLY,TYLER,MARRIED,"DALLAS,  TEXAS",WEB DEVELOPER
AZALEA,SUAREZ,SINGLE,"SAN JOSE,  CALIFORNIA",DENTAL HYGIENIST
LEONA,BOWERS,DIVORCED,"AUSTIN,  TEXAS",OCCUPATIONAL THERAPIST
ALEJANDRA,OROZCO,ENGAGED,"JACKSONVILLE,  FLORIDA",VETERINARIAN
BRISTOL,SALAS,MARRIED,"FORT WORTH,  TEXAS",COMPUTER PROGRAMMER
COLLINS,COBB,SINGLE,"COLUMBUS,  OHIO",SCHOOL PSYCHOLOGIST
IMANI,GIBBS,SINGLE,"SAN FRANCISCO,  CALIFORNIA",PHYSICAL THERAPIST ASSISTANT
MEADOW,ANDRADE,DIVORCED,"CHARLOTTE,  NORTH CAROLINA",INTERPRETER & TRANSLATOR
ALEXIA,BAUER,ENGAGED,"INDIANAPOLIS,  INDIANA",MECHANICAL ENGINEER
EDITH,CONNER,MARRIED,"SEATTLE,  WASHINGTON",VETERINARY TECHNOLOGIST & TECHNICIAN
KAYDENCE,MOODY,SINGLE,"DENVER,  COLORADO",EPIDEMIOLOGIST
LESLIE,ESCOBAR,DIVORCED,"WASHINGTON,  DISTRICT OF COLUMBIA",IT MANAGER
LILITH,MCGUIRE,ENGAGED,"BOSTON,  MASSACHUSETTS",MARKET RESEARCH ANALYST
KORA,LLOYD,MARRIED,"EL PASO,  TEXAS",DIAGNOSTIC MEDICAL SONOGRAPHER
AISHA,MUELLER,SINGLE,"DETROIT,  MICHIGAN",COMPUTER SYSTEMS ADMINISTRATOR
MEREDITH,HARTMAN,SINGLE,"NASHVILLE,  TENNESSEE",RESPIRATORY THERAPIST
DANNA,FRENCH,DIVORCED,"PORTLAND,  OREGON",MEDICAL SECRETARY
WYNTER,KRAMER,ENGAGED,"MEMPHIS,  TENNESSEE",CIVIL ENGINEER
EMBERLY,MCBRIDE,MARRIED,"OKLAHOMA CITY,  OKLAHOMA",SUBSTANCE ABUSE COUNSELOR
JULIETA,POPE,SINGLE,"LAS VEGAS,  NEVADA",SPEECH-LANGUAGE PATHOLOGIST
MICHAELA,LINDSEY,DIVORCED,"LOUISVILLE,  KENTUCKY",LANDSCAPER & GROUNDSKEEPER
ALAYAH,VELAZQUEZ,ENGAGED,"BALTIMORE,  MARYLAND",RADIOLOGIC TECHNOLOGIST
JEMMA,NORTON,MARRIED,"MILWAUKEE,  WISCONSIN",COST ESTIMATOR
REIGN,MCCORMICK,SINGLE,"ALBUQUERQUE,  NEW MEXICO",FINANCIAL ADVISOR
COLETTE,SPARKS,SINGLE,"TUCSON,  ARIZONA",MARRIAGE & FAMILY THERAPIST
KALIYAH,FLYNN,DIVORCED,"FRESNO,  CALIFORNIA",MEDICAL ASSISTANT
ELLIOTT,YATES,ENGAGED,"MESA,  ARIZONA",LAWYER
JOHANNA,HOGAN,MARRIED,"SACRAMENTO,  CALIFORNIA",ACCOUNTANT
REMY,MARSH,SINGLE,"ATLANTA,  GEORGIA",COMPLIANCE OFFICER
SUTTON,MACIAS,DIVORCED,"KANSAS CITY,  MISSOURI",HIGH SCHOOL TEACHER
EMMY,VILLANUEVA,ENGAGED,"COLORADO SPRINGS,  COLORADO",CLINICAL LABORATORY TECHNICIAN
VIRGINIA,ZAMORA,MARRIED,"MIAMI,  FLORIDA",MAINTENANCE & REPAIR WORKER
BRIANA,PRATT,SINGLE,"RALEIGH,  NORTH CAROLINA","BOOKKEEPING, ACCOUNTING, & AUDIT CLERK"
OAKLYNN,STOKES,SINGLE,"OMAHA,  NEBRASKA",FINANCIAL MANAGER
ADELINA,OWEN,DIVORCED,"LONG BEACH,  CALIFORNIA",RECREATION & FITNESS WORKER
EVERLEE,BALLARD,ENGAGED,"VIRGINIA BEACH,  VIRGINIA",INSURANCE AGENT
MEGAN,LANG,MARRIED,"OAKLAND,  CALIFORNIA",ELEMENTARY SCHOOL TEACHER
ANGELICA,BROCK,SINGLE,"MINNEAPOLIS,  MINNESOTA",DENTAL ASSISTANT
JUSTICE,VILLARREAL,DIVORCED,"TULSA,  OKLAHOMA",MANAGEMENT ANALYST
MARIAM,CHARLES,ENGAGED,"ARLINGTON,  TEXAS",HOME HEALTH AIDE
KHALEESI,DRAKE,MARRIED,"TAMPA,  FLORIDA",PHARMACY TECHNICIAN
MACIE,BARRERA,SINGLE,"NEW ORLEANS,  LOUISIANA",CONSTRUCTION MANAGER
KARSYN,CAIN,SINGLE,"WICHITA,  KANSAS",PUBLIC RELATIONS SPECIALIST
ALANNA,PATRICK,DIVORCED,"CLEVELAND,  OHIO",MIDDLE SCHOOL TEACHER
ALEAH,PINEDA,ENGAGED,"BAKERSFIELD,  CALIFORNIA",MASSAGE THERAPIST
MAE,BURNETT,MARRIED,"AURORA,  COLORADO",PARAMEDIC
MALLORY,MERCADO,SINGLE,"ANAHEIM,  CALIFORNIA",PRESCHOOL TEACHER
ESME,SANTANA,DIVORCED,"HONOLULU,  HAWAII",HAIRDRESSER
SKYLA,SHEPHERD,ENGAGED,"SANTA ANA,  CALIFORNIA",MARKETING MANAGER
MADILYNN,BAUTISTA,MARRIED,"RIVERSIDE,  CALIFORNIA",PATROL OFFICER
CHARLEY,ALI,SINGLE,"CORPUS CHRISTI,  TEXAS",SCHOOL COUNSELOR
ALLYSON,SHAFFER,SINGLE,"LEXINGTON,  KENTUCKY",EXECUTIVE ASSISTANT
HANNA,LAMB,DIVORCED,"STOCKTON,  CALIFORNIA",FINANCIAL ANALYST
SHILOH,TREVINO,ENGAGED,"HENDERSON,  NEVADA",PERSONAL CARE AIDE
HENLEY,MCKENZIE,MARRIED,"SAINT PAUL,  MINNESOTA",CLINICAL SOCIAL WORKER
MACY,HESS,SINGLE,"ST. LOUIS,  MISSOURI",BUSINESS OPERATIONS MANAGER
MARYAM,BEIL,DIVORCED,"CINCINNATI,  OHIO",LOAN OFFICER
IVANNA,OLSEN,ENGAGED,"PITTSBURGH,  PENNSYLVANIA","MEETING, CONVENTION & EVENT PLANNER"
ASHLYNN,COCHRAN,MARRIED,"GREENSBORO,  NORTH CAROLINA",MENTAL HEALTH COUNSELOR
LORELAI,MORTON,SINGLE,"ANCHORAGE,  ALASKA",NURSING AIDE
AMORA,NASH,SINGLE,"PLANO,  TEXAS",SALES REPRESENTATIVE
ASHLYN,WILKINS,DIVORCED,"LINCOLN,  NEBRASKA",ARCHITECT
SASHA,PETERSEN,ENGAGED,"ORLANDO,  FLORIDA",SALES MANAGER
BAYLEE,BRIGGS,MARRIED,"IRVINE,  CALIFORNIA",HR SPECIALIST
BEATRICE,SHAH,SINGLE,"NEWARK,  NEW JERSEY",PLUMBER
ITZEL,ROTH,DIVORCED,"TOLEDO,  OHIO",REAL ESTATE AGENT
PRISCILLA,NICHOLSON,ENGAGED,"DURHAM,  NORTH CAROLINA",GLAZIER
MARIE,HOLLOWAY,MARRIED,"CHULA VISTA,  CALIFORNIA",ART DIRECTOR
JAYDA,LOZANO,SINGLE,"FORT WAYNE,  INDIANA",CUSTOMER SERVICE REPRESENTATIVE
LIBERTY,FLOWERS,SINGLE,"JERSEY CITY,  NEW JERSEY",LOGISTICIAN
RORY,RANGEL,DIVORCED,"ST. PETERSBURG,  FLORIDA",AUTO MECHANIC
ALESSIA,HOOVER,ENGAGED,"LAREDO,  TEXAS",BUS DRIVER
ALAIA,ARIAS,MARRIED,"MADISON,  WISCONSIN",RESTAURANT COOK
JANELLE,SHORT,SINGLE,"CHANDLER,  ARIZONA",CHILD & FAMILY SOCIAL WORKER
KALANI,MORA,DIVORCED,"BUFFALO,  NEW YORK",ADMINISTRATIVE ASSISTANT
GLORIA,VALENZUELA,ENGAGED,"LUBBOCK,  TEXAS",RECEPTIONIST
SLOAN,BRYAN,MARRIED,"SCOTTSDALE,  ARIZONA",PARALEGAL
DOROTHY,MEYERS,SINGLE,"RENO,  NEVADA",CEMENT MASON & CONCRETE FINISHER
GRETA,WEISS,SINGLE,"GLENDALE,  ARIZONA",PAINTER
JULIE,UNDERWOOD,DIVORCED,"GILBERT,  ARIZONA",SPORTS COACH
ZAHRA,BASS,ENGAGED,"WINSTON–SALEM,  NORTH CAROLINA",TEACHER ASSISTANT
SAVANNA,GREER,MARRIED,"NORTH LAS VEGAS,  NEVADA",BRICKMASON & BLOCKMASON
ANNABELLA,SUMMERS,SINGLE,"NORFOLK,  VIRGINIA",CASHIER
POPPY,HOUSTON,DIVORCED,"CHESAPEAKE,  VIRGINIA",JANITOR
AMALIA,CARSON,ENGAGED,"GARLAND,  TEXAS",ELECTRICIAN
ZAYLEE,MORROW,MARRIED,"IRVING,  TEXAS",DELIVERY TRUCK DRIVER
CECELIA,CLAYTON,SINGLE,"HIALEAH,  FLORIDA",MAID & HOUSEKEEPER
CORALINE,WHITAKER,SINGLE,"FREMONT,  CALIFORNIA",CARPENTER
KIMBER,DECKER,DIVORCED,"BOISE,  IDAHO",SECURITY GUARD
EMMIE,YODER,ENGAGED,"RICHMOND,  VIRGINIA",CONSTRUCTION WORKER
ANNE,COLLIER,MARRIED,"BATON ROUGE,  LOUISIANA",FABRICATOR
KARINA,ZUNIGA,SINGLE,"SPOKANE,  WASHINGTON",TELEMARKETER
KASSIDY,CAREY,DIVORCED,"NEW YORK, NEW YORK",DENTIST
KYNLEE,WILCOX,ENGAGED,"LOS ANGELES,  CALIFORNIA",REGISTERED NURSE
MONROE,MELENDEZ,MARRIED,"CHICAGO,  ILLINOIS",PHARMACIST
ANAHI,POOLE,SINGLE,"HOUSTON,  TEXAS",COMPUTER SYSTEMS ANALYST
JALIYAH,ROBERSON,SINGLE,"PHOENIX,  ARIZONA",PHYSICIAN
JAZMIN,LARSEN,DIVORCED,"PHILADELPHIA,  PENNSYLVANIA",DATABASE ADMINISTRATOR
MAREN,CONLEY,ENGAGED,"SAN ANTONIO,  TEXAS",SOFTWARE DEVELOPER
MONICA,DAVENPORT,MARRIED,"SAN DIEGO,  CALIFORNIA",PHYSICAL THERAPIST
SIENA,COPELAND,SINGLE,"DALLAS,  TEXAS",WEB DEVELOPER
MARILYN,MASSEY,DIVORCED,"SAN JOSE,  CALIFORNIA",DENTAL HYGIENIST
REYNA,LAM,ENGAGED,"AUSTIN,  TEXAS",OCCUPATIONAL THERAPIST
KYRA,HUFF,MARRIED,"JACKSONVILLE,  FLORIDA",VETERINARIAN
LILIAN,ROCHA,SINGLE,"FORT WORTH,  TEXAS",COMPUTER PROGRAMMER
JAMIE,CAMERON,SINGLE,"COLUMBUS,  OHIO",SCHOOL PSYCHOLOGIST
MELANY,JEFFERSON,DIVORCED,"SAN FRANCISCO,  CALIFORNIA",PHYSICAL THERAPIST ASSISTANT
ALAYA,HOOD,ENGAGED,"CHARLOTTE,  NORTH CAROLINA",INTERPRETER & TRANSLATOR
ARIYA,MONROE,MARRIED,"INDIANAPOLIS,  INDIANA",MECHANICAL ENGINEER
KELLY,ANTHONY,SINGLE,"SEATTLE,  WASHINGTON",VETERINARY TECHNOLOGIST & TECHNICIAN
ROSIE,PITTMAN,DIVORCED,"DENVER,  COLORADO",EPIDEMIOLOGIST
ADLEY,HUYNH,ENGAGED,"WASHINGTON,  DISTRICT OF COLUMBIA",IT MANAGER
DREAM,RANDALL,MARRIED,"BOSTON,  MASSACHUSETTS",MARKET RESEARCH ANALYST
JAYLAH,SINGLETON,SINGLE,"EL PASO,  TEXAS",DIAGNOSTIC MEDICAL SONOGRAPHER
LAUREL,KIRK,SINGLE,"DETROIT,  MICHIGAN",COMPUTER SYSTEMS ADMINISTRATOR
JAZMINE,COMBS,DIVORCED,"NASHVILLE,  TENNESSEE",RESPIRATORY THERAPIST
MINA,MATHIS,ENGAGED,"PORTLAND,  OREGON",MEDICAL SECRETARY
KARLA,CHRISTIAN,MARRIED,"MEMPHIS,  TENNESSEE",CIVIL ENGINEER
BAILEE,SKINNER,SINGLE,"OKLAHOMA CITY,  OKLAHOMA",SUBSTANCE ABUSE COUNSELOR
AUBRIE,BRADFORD,DIVORCED,"LAS VEGAS,  NEVADA",SPEECH-LANGUAGE PATHOLOGIST
KATALINA,RICHARD,ENGAGED,"LOUISVILLE,  KENTUCKY",LANDSCAPER & GROUNDSKEEPER
MELINA,GALVAN,MARRIED,"BALTIMORE,  MARYLAND",RADIOLOGIC TECHNOLOGIST
HARLEE,WALL,SINGLE,"MILWAUKEE,  WISCONSIN",COST ESTIMATOR
ELLIOT,BOONE,SINGLE,"ALBUQUERQUE,  NEW MEXICO",FINANCIAL ADVISOR
HAYLEY,KIRBY,DIVORCED,"TUCSON,  ARIZONA",MARRIAGE & FAMILY THERAPIST
ELAINE,WILKINSON,ENGAGED,"FRESNO,  CALIFORNIA",MEDICAL ASSISTANT
KAREN,BRIDGES,MARRIED,"MESA,  ARIZONA",LAWYER
DALLAS,BRUCE,SINGLE,"SACRAMENTO,  CALIFORNIA",ACCOUNTANT
IRENE,ATKINSON,DIVORCED,"ATLANTA,  GEORGIA",COMPLIANCE OFFICER
LYLAH,VELEZ,ENGAGED,"KANSAS CITY,  MISSOURI",HIGH SCHOOL TEACHER
IVORY,MEZA,MARRIED,"COLORADO SPRINGS,  COLORADO",CLINICAL LABORATORY TECHNICIAN
CHAYA,ROY,SINGLE,"MIAMI,  FLORIDA",MAINTENANCE & REPAIR WORKER
ROSA,VINCENT,SINGLE,"RALEIGH,  NORTH CAROLINA","BOOKKEEPING, ACCOUNTING, & AUDIT CLERK"
ALEENA,YORK,DIVORCED,"OMAHA,  NEBRASKA",FINANCIAL MANAGER
BRAELYN,HODGE,ENGAGED,"LONG BEACH,  CALIFORNIA",RECREATION & FITNESS WORKER
NOLA,VILLA,MARRIED,"VIRGINIA BEACH,  VIRGINIA",INSURANCE AGENT
ALMA,ABBOTT,SINGLE,"OAKLAND,  CALIFORNIA",ELEMENTARY SCHOOL TEACHER
LEYLA,ALLISON,DIVORCED,"MINNEAPOLIS,  MINNESOTA",DENTAL ASSISTANT
PEARL,TAPIA,ENGAGED,"TULSA,  OKLAHOMA",MANAGEMENT ANALYST
ADDYSON,GATES,MARRIED,"ARLINGTON,  TEXAS",HOME HEALTH AIDE
ROSELYN,CHASE,SINGLE,"TAMPA,  FLORIDA",PHARMACY TECHNICIAN
LACEY,SOSA,SINGLE,"NEW ORLEANS,  LOUISIANA",CONSTRUCTION MANAGER
LENNOX,SWEENEY,DIVORCED,"WICHITA,  KANSAS",PUBLIC RELATIONS SPECIALIST
REINA,FARRELL,ENGAGED,"CLEVELAND,  OHIO",MIDDLE SCHOOL TEACHER
AURELIA,WYATT,MARRIED,"BAKERSFIELD,  CALIFORNIA",MASSAGE THERAPIST
NOA,DALTON,SINGLE,"AURORA,  COLORADO",PARAMEDIC
JANIYAH,HORN,DIVORCED,"ANAHEIM,  CALIFORNIA",PRESCHOOL TEACHER
JESSIE,BARRON,ENGAGED,"HONOLULU,  HAWAII",HAIRDRESSER
MADISYN,PHELPS,MARRIED,"SANTA ANA,  CALIFORNIA",MARKETING MANAGER
SAIGE,YU,SINGLE,"RIVERSIDE,  CALIFORNIA",PATROL OFFICER
ALIA,DICKERSON,SINGLE,"CORPUS CHRISTI,  TEXAS",SCHOOL COUNSELOR
TIANA,HEATH,DIVORCED,"LEXINGTON,  KENTUCKY",EXECUTIVE ASSISTANT
ASTRID,FOLEY,ENGAGED,"STOCKTON,  CALIFORNIA",FINANCIAL ANALYST
CASSANDRA,ATKINS,MARRIED,"HENDERSON,  NEVADA",PERSONAL CARE AIDE
KYLEIGH,MATHEWS,SINGLE,"SAINT PAUL,  MINNESOTA",CLINICAL SOCIAL WORKER
ROMINA,BONILLA,DIVORCED,"ST. LOUIS,  MISSOURI",BUSINESS OPERATIONS MANAGER
STEVIE,ACEVEDO,ENGAGED,"CINCINNATI,  OHIO",LOAN OFFICER
HAYLEE,BENITEZ,MARRIED,"PITTSBURGH,  PENNSYLVANIA","MEETING, CONVENTION & EVENT PLANNER"
ZELDA,ZAVALA,SINGLE,"GREENSBORO,  NORTH CAROLINA",MENTAL HEALTH COUNSELOR
LILLIE,HENSLEY,SINGLE,"ANCHORAGE,  ALASKA",NURSING AIDE
AILEEN,GLENN,DIVORCED,"PLANO,  TEXAS",SALES REPRESENTATIVE
BRYLEE,CISNEROS,ENGAGED,"LINCOLN,  NEBRASKA",ARCHITECT
EILEEN,HARRELL,MARRIED,"ORLANDO,  FLORIDA",SALES MANAGER
YARA,SHIELDS,SINGLE,"IRVINE,  CALIFORNIA",HR SPECIALIST
ENSLEY,RUBIO,DIVORCED,"NEWARK,  NEW JERSEY",PLUMBER
LAURYN,CHOI,ENGAGED,"TOLEDO,  OHIO",REAL ESTATE AGENT
GIULIANA,HUFFMAN,MARRIED,"DURHAM,  NORTH CAROLINA",GLAZIER
LIVIA,BOYER,SINGLE,"CHULA VISTA,  CALIFORNIA",ART DIRECTOR
ANYA,GARRISON,SINGLE,"FORT WAYNE,  INDIANA",CUSTOMER SERVICE REPRESENTATIVE
MIKAELA,ARROYO,DIVORCED,"JERSEY CITY,  NEW JERSEY",LOGISTICIAN
PALMER,BOND,ENGAGED,"ST. PETERSBURG,  FLORIDA",AUTO MECHANIC
LYRA,KANE,MARRIED,"LAREDO,  TEXAS",BUS DRIVER
MARA,HANCOCK,SINGLE,"MADISON,  WISCONSIN",RESTAURANT COOK
MARINA,CALLAHAN,DIVORCED,"CHANDLER,  ARIZONA",CHILD & FAMILY SOCIAL WORKER
KAILEY,DILLON,ENGAGED,"BUFFALO,  NEW YORK",ADMINISTRATIVE ASSISTANT
LIV,CLINE,MARRIED,"LUBBOCK,  TEXAS",RECEPTIONIST
CLEMENTINE,WIGGINS,SINGLE,"SCOTTSDALE,  ARIZONA",PARALEGAL
KENNA,GRIMES,SINGLE,"RENO,  NEVADA",CEMENT MASON & CONCRETE FINISHER
BRIAR,ARELLANO,DIVORCED,"GLENDALE,  ARIZONA",PAINTER
EMERIE,MELTON,ENGAGED,"GILBERT,  ARIZONA",SPORTS COACH
GALILEA,ONEILL,MARRIED,"WINSTON–SALEM,  NORTH CAROLINA",TEACHER ASSISTANT
TIFFANY,SAVAGE,SINGLE,"NORTH LAS VEGAS,  NEVADA",BRICKMASON & BLOCKMASON
BONNIE,HO,DIVORCED,"NORFOLK,  VIRGINIA",CASHIER
ELYSE,BELTRAN,ENGAGED,"CHESAPEAKE,  VIRGINIA",JANITOR
CYNTHIA,PITTS,MARRIED,"GARLAND,  TEXAS",ELECTRICIAN
FRIDA,PARRISH,SINGLE,"IRVING,  TEXAS",DELIVERY TRUCK DRIVER
KINSLEE,PONCE,SINGLE,"HIALEAH,  FLORIDA",MAID & HOUSEKEEPER
TATIANA,RICH,DIVORCED,"FREMONT,  CALIFORNIA",CARPENTER
JOELLE,BOOTH,ENGAGED,"BOISE,  IDAHO",SECURITY GUARD
ARMANI,KOCH,MARRIED,"RICHMOND,  VIRGINIA",CONSTRUCTION WORKER
JOLIE,GOLDEN,SINGLE,"BATON ROUGE,  LOUISIANA",FABRICATOR
NALANI,WARE,DIVORCED,"SPOKANE,  WASHINGTON",TELEMARKETER
RAYNA,BRENNAN,ENGAGED,"NEW YORK, NEW YORK",DENTIST
YARELI,MCDOWELL,MARRIED,"LOS ANGELES,  CALIFORNIA",REGISTERED NURSE
MEGHAN,MARKS,SINGLE,"CHICAGO,  ILLINOIS",PHARMACIST
REBEKAH,CANTU,SINGLE,"HOUSTON,  TEXAS",COMPUTER SYSTEMS ANALYST
ADDILYNN,HUMPHREY,DIVORCED,"PHOENIX,  ARIZONA",PHYSICIAN
FAYE,BAXTER,ENGAGED,"PHILADELPHIA,  PENNSYLVANIA",DATABASE ADMINISTRATOR
ZARIYAH,SAWYER,MARRIED,"SAN ANTONIO,  TEXAS",SOFTWARE DEVELOPER
LEA,CLAY,SINGLE,"SAN DIEGO,  CALIFORNIA",PHYSICAL THERAPIST
ALIZA,TANNER,DIVORCED,"DALLAS,  TEXAS",WEB DEVELOPER
JULISSA,HUTCHINSON,ENGAGED,"SAN JOSE,  CALIFORNIA",DENTAL HYGIENIST
LILYANA,KAUR,MARRIED,"AUSTIN,  TEXAS",OCCUPATIONAL THERAPIST
ANIKA,BERG,SINGLE,"JACKSONVILLE,  FLORIDA",VETERINARIAN
KAIRI,WILEY,SINGLE,"FORT WORTH,  TEXAS",COMPUTER PROGRAMMER
ANIYA,GILMORE,DIVORCED,"COLUMBUS,  OHIO",SCHOOL PSYCHOLOGIST
NOEMI,RUSSO,ENGAGED,"SAN FRANCISCO,  CALIFORNIA",PHYSICAL THERAPIST ASSISTANT
ANGIE,VILLEGAS,MARRIED,"CHARLOTTE,  NORTH CAROLINA",INTERPRETER & TRANSLATOR
CRYSTAL,HOBBS,SINGLE,"INDIANAPOLIS,  INDIANA",MECHANICAL ENGINEER
BRIDGET,KEITH,DIVORCED,"SEATTLE,  WASHINGTON",VETERINARY TECHNOLOGIST & TECHNICIAN
ARI,WILKERSON,ENGAGED,"DENVER,  COLORADO",EPIDEMIOLOGIST
DAVINA,AHMED,MARRIED,"WASHINGTON,  DISTRICT OF COLUMBIA",IT MANAGER
AMELIE,BEARD,SINGLE,"BOSTON,  MASSACHUSETTS",MARKET RESEARCH ANALYST
AMIRAH,MCCLAIN,SINGLE,"EL PASO,  TEXAS",DIAGNOSTIC MEDICAL SONOGRAPHER
ANNIKA,MONTES,DIVORCED,"DETROIT,  MICHIGAN",COMPUTER SYSTEMS ADMINISTRATOR
ELORA,MATA,ENGAGED,"NASHVILLE,  TENNESSEE",RESPIRATORY THERAPIST
XIOMARA,ROSARIO,MARRIED,"PORTLAND,  OREGON",MEDICAL SECRETARY
LINDA,VANG,SINGLE,"MEMPHIS,  TENNESSEE",CIVIL ENGINEER
HANA,WALTER,DIVORCED,"OKLAHOMA CITY,  OKLAHOMA",SUBSTANCE ABUSE COUNSELOR
LANEY,HENSON,ENGAGED,"LAS VEGAS,  NEVADA",SPEECH-LANGUAGE PATHOLOGIST
MERCY,ONEAL,MARRIED,"LOUISVILLE,  KENTUCKY",LANDSCAPER & GROUNDSKEEPER
HADASSAH,MOSLEY,SINGLE,"BALTIMORE,  MARYLAND",RADIOLOGIC TECHNOLOGIST
MADALYN,MCCLURE,SINGLE,"MILWAUKEE,  WISCONSIN",COST ESTIMATOR
LOUISA,BEASLEY,DIVORCED,"ALBUQUERQUE,  NEW MEXICO",FINANCIAL ADVISOR
SIMONE,STEPHENSON,ENGAGED,"TUCSON,  ARIZONA",MARRIAGE & FAMILY THERAPIST
KORI,SNOW,MARRIED,"FRESNO,  CALIFORNIA",MEDICAL ASSISTANT
JILLIAN,HUERTA,SINGLE,"MESA,  ARIZONA",LAWYER
ALENA,PRESTON,DIVORCED,"SACRAMENTO,  CALIFORNIA",ACCOUNTANT
MALAYA,VANCE,ENGAGED,"ATLANTA,  GEORGIA",COMPLIANCE OFFICER
MILEY,BARRY,MARRIED,"KANSAS CITY,  MISSOURI",HIGH SCHOOL TEACHER
MILAN,JOHNS,SINGLE,"COLORADO SPRINGS,  COLORADO",CLINICAL LABORATORY TECHNICIAN
SARIYAH,EATON,SINGLE,"MIAMI,  FLORIDA",MAINTENANCE & REPAIR WORKER
MALANI,BLACKWELL,DIVORCED,"RALEIGH,  NORTH CAROLINA","BOOKKEEPING, ACCOUNTING, & AUDIT CLERK"
CLARISSA,DYER,ENGAGED,"OMAHA,  NEBRASKA",FINANCIAL MANAGER
NALA,PRINCE,MARRIED,"LONG BEACH,  CALIFORNIA",RECREATION & FITNESS WORKER
PRINCESS,MACDONALD,SINGLE,"VIRGINIA BEACH,  VIRGINIA",INSURANCE AGENT
AMANI,SOLOMON,DIVORCED,"OAKLAND,  CALIFORNIA",ELEMENTARY SCHOOL TEACHER
ANALIA,GUEVARA,ENGAGED,"MINNEAPOLIS,  MINNESOTA",DENTAL ASSISTANT
ESTELLA,STAFFORD,MARRIED,"TULSA,  OKLAHOMA",MANAGEMENT ANALYST
MILANA,ENGLISH,SINGLE,"ARLINGTON,  TEXAS",HOME HEALTH AIDE
AYA,HURST,SINGLE,"TAMPA,  FLORIDA",PHARMACY TECHNICIAN
CHANA,WOODARD,DIVORCED,"NEW ORLEANS,  LOUISIANA",CONSTRUCTION MANAGER
JAYDE,CORTES,ENGAGED,"WICHITA,  KANSAS",PUBLIC RELATIONS SPECIALIST
TENLEY,SHANNON,MARRIED,"CLEVELAND,  OHIO",MIDDLE SCHOOL TEACHER
ZARIA,KEMP,SINGLE,"BAKERSFIELD,  CALIFORNIA",MASSAGE THERAPIST
ITZAYANA,NOLAN,DIVORCED,"AURORA,  COLORADO",PARAMEDIC
PENNY,MCCULLOUGH,ENGAGED,"ANAHEIM,  CALIFORNIA",PRESCHOOL TEACHER
AILANI,MERRITT,MARRIED,"HONOLULU,  HAWAII",HAIRDRESSER
LARA,MURILLO,SINGLE,"SANTA ANA,  CALIFORNIA",MARKETING MANAGER
AUBRIELLA,MOON,SINGLE,"RIVERSIDE,  CALIFORNIA",PATROL OFFICER
CLARE,SALGADO,DIVORCED,"CORPUS CHRISTI,  TEXAS",SCHOOL COUNSELOR
LINA,STRONG,ENGAGED,"LEXINGTON,  KENTUCKY",EXECUTIVE ASSISTANT
RHEA,KLINE,MARRIED,"STOCKTON,  CALIFORNIA",FINANCIAL ANALYST
BRIA,CORDOVA,SINGLE,"HENDERSON,  NEVADA",PERSONAL CARE AIDE
THALIA,BARAJAS,DIVORCED,"SAINT PAUL,  MINNESOTA",CLINICAL SOCIAL WORKER
KEYLA,ROACH,ENGAGED,"ST. LOUIS,  MISSOURI",BUSINESS OPERATIONS MANAGER
HAISLEY,ROSAS,MARRIED,"CINCINNATI,  OHIO",LOAN OFFICER
RYANN,WINTERS,SINGLE,"PITTSBURGH,  PENNSYLVANIA","MEETING, CONVENTION & EVENT PLANNER"
ADDISYN,JACOBSON,SINGLE,"GREENSBORO,  NORTH CAROLINA",MENTAL HEALTH COUNSELOR
AMAIA,LESTER,DIVORCED,"ANCHORAGE,  ALASKA",NURSING AIDE
CHANEL,KNOX,ENGAGED,"PLANO,  TEXAS",SALES REPRESENTATIVE
ELLEN,BULLOCK,MARRIED,"LINCOLN,  NEBRASKA",ARCHITECT
HARMONI,KERR,SINGLE,"ORLANDO,  FLORIDA",SALES MANAGER
ALIANA,LEACH,DIVORCED,"IRVINE,  CALIFORNIA",HR SPECIALIST
TINSLEY,MEADOWS,ENGAGED,"NEWARK,  NEW JERSEY",PLUMBER
LANDRY,DAVILA,MARRIED,"TOLEDO,  OHIO",REAL ESTATE AGENT
PAISLEIGH,ORR,SINGLE,"DURHAM,  NORTH CAROLINA",GLAZIER
LEXIE,WHITEHEAD,SINGLE,"CHULA VISTA,  CALIFORNIA",ART DIRECTOR
MYAH,PRUITT,DIVORCED,"FORT WAYNE,  INDIANA",CUSTOMER SERVICE REPRESENTATIVE
RYLAN,KENT,ENGAGED,"JERSEY CITY,  NEW JERSEY",LOGISTICIAN
DEBORAH,CONWAY,MARRIED,"ST. PETERSBURG,  FLORIDA",AUTO MECHANIC
EMILEE,MCKEE,SINGLE,"LAREDO,  TEXAS",BUS DRIVER
LAYLAH,BARR,DIVORCED,"MADISON,  WISCONSIN",RESTAURANT COOK
NOVALEE,DAVID,ENGAGED,"CHANDLER,  ARIZONA",CHILD & FAMILY SOCIAL WORKER
ELLIS,DEJESUS,MARRIED,"BUFFALO,  NEW YORK",ADMINISTRATIVE ASSISTANT
EMMELINE,MARIN,SINGLE,"LUBBOCK,  TEXAS",RECEPTIONIST
AVALYNN,BERGER,SINGLE,"SCOTTSDALE,  ARIZONA",PARALEGAL
HADLEE,MCINTYRE,DIVORCED,"RENO,  NEVADA",CEMENT MASON & CONCRETE FINISHER
LEGACY,BLANKENSHIP,ENGAGED,"GLENDALE,  ARIZONA",PAINTER
BRAYLEE,GAINES,MARRIED,"GILBERT,  ARIZONA",SPORTS COACH
ELISABETH,PALACIOS,SINGLE,"WINSTON–SALEM,  NORTH CAROLINA",TEACHER ASSISTANT
KAYLIE,CUEVAS,DIVORCED,"NORTH LAS VEGAS,  NEVADA",BRICKMASON & BLOCKMASON
ANSLEY,BARTLETT,ENGAGED,"NORFOLK,  VIRGINIA",CASHIER
DIOR,DURHAM,MARRIED,"CHESAPEAKE,  VIRGINIA",JANITOR
PAULA,DORSEY,SINGLE,"GARLAND,  TEXAS",ELECTRICIAN
BELEN,MCCALL,SINGLE,"IRVING,  TEXAS",DELIVERY TRUCK DRIVER
CORINNE,ODONNELL,DIVORCED,"HIALEAH,  FLORIDA",MAID & HOUSEKEEPER
MALEAH,STEIN,ENGAGED,"FREMONT,  CALIFORNIA",CARPENTER
MARTHA,BROWNING,MARRIED,"BOISE,  IDAHO",SECURITY GUARD
TERESA,STOUT,SINGLE,"RICHMOND,  VIRGINIA",CONSTRUCTION WORKER
SALMA,LOWERY,DIVORCED,"BATON ROUGE,  LOUISIANA",FABRICATOR
LOUISE,SLOAN,ENGAGED,"SPOKANE,  WASHINGTON",TELEMARKETER
AVERI,MCLEAN,MARRIED,"NEW YORK, NEW YORK",DENTIST
LILIANNA,HENDRICKS,SINGLE,"LOS ANGELES,  CALIFORNIA",REGISTERED NURSE
AMIYA,CALHOUN,SINGLE,"CHICAGO,  ILLINOIS",PHARMACIST
MILENA,SEXTON,DIVORCED,"HOUSTON,  TEXAS",COMPUTER SYSTEMS ANALYST
ROYAL,CHUNG,ENGAGED,"PHOENIX,  ARIZONA",PHYSICIAN
AUBRIELLE,GENTRY,MARRIED,"PHILADELPHIA,  PENNSYLVANIA",DATABASE ADMINISTRATOR
CALLIOPE,HULL,SINGLE,"SAN ANTONIO,  TEXAS",SOFTWARE DEVELOPER
FRANKIE,DUARTE,DIVORCED,"SAN DIEGO,  CALIFORNIA",PHYSICAL THERAPIST
NATASHA,ELLISON,ENGAGED,"DALLAS,  TEXAS",WEB DEVELOPER
KAMILAH,NIELSEN,MARRIED,"SAN JOSE,  CALIFORNIA",DENTAL HYGIENIST
MEILANI,GILLESPIE,SINGLE,"AUSTIN,  TEXAS",OCCUPATIONAL THERAPIST
RAINA,BUCK,SINGLE,"JACKSONVILLE,  FLORIDA",VETERINARIAN
AMAYAH,MIDDLETON,DIVORCED,"FORT WORTH,  TEXAS",COMPUTER PROGRAMMER
LAILAH,SELLERS,ENGAGED,"COLUMBUS,  OHIO",SCHOOL PSYCHOLOGIST
RAYNE,LEBLANC,MARRIED,"SAN FRANCISCO,  CALIFORNIA",PHYSICAL THERAPIST ASSISTANT
ZANIYAH,ESPARZA,SINGLE,"CHARLOTTE,  NORTH CAROLINA",INTERPRETER & TRANSLATOR
ISABELA,HARDIN,DIVORCED,"INDIANAPOLIS,  INDIANA",MECHANICAL ENGINEER
NATHALIE,BRADSHAW,ENGAGED,"SEATTLE,  WASHINGTON",VETERINARY TECHNOLOGIST & TECHNICIAN
MIAH,MCINTOSH,MARRIED,"DENVER,  COLORADO",EPIDEMIOLOGIST
OPAL,HOWE,SINGLE,"WASHINGTON,  DISTRICT OF COLUMBIA",IT MANAGER
KENIA,LIVINGSTON,SINGLE,"BOSTON,  MASSACHUSETTS",MARKET RESEARCH ANALYST
AZARIAH,FROST,DIVORCED,"EL PASO,  TEXAS",DIAGNOSTIC MEDICAL SONOGRAPHER
HUNTER,GLASS,ENGAGED,"DETROIT,  MICHIGAN",COMPUTER SYSTEMS ADMINISTRATOR
TORI,MORSE,MARRIED,"NASHVILLE,  TENNESSEE",RESPIRATORY THERAPIST
ANDI,KNAPP,SINGLE,"PORTLAND,  OREGON",MEDICAL SECRETARY
KEILY,HERMAN,DIVORCED,"MEMPHIS,  TENNESSEE",CIVIL ENGINEER
LEANNA,STARK,ENGAGED,"OKLAHOMA CITY,  OKLAHOMA",SUBSTANCE ABUSE COUNSELOR
SCARLETTE,BRAVO,MARRIED,"LAS VEGAS,  NEVADA",SPEECH-LANGUAGE PATHOLOGIST
JAELYN,NOBLE,SINGLE,"LOUISVILLE,  KENTUCKY",LANDSCAPER & GROUNDSKEEPER
SAOIRSE,SPEARS,SINGLE,"BALTIMORE,  MARYLAND",RADIOLOGIC TECHNOLOGIST
SELENE,WEEKS,DIVORCED,"MILWAUKEE,  WISCONSIN",COST ESTIMATOR
DALARY,CORONA,ENGAGED,"ALBUQUERQUE,  NEW MEXICO",FINANCIAL ADVISOR
LINDSEY,FREDERICK,MARRIED,"TUCSON,  ARIZONA",MARRIAGE & FAMILY THERAPIST
MARIANNA,BUCKLEY,SINGLE,"FRESNO,  CALIFORNIA",MEDICAL ASSISTANT
RAMONA,MCFARLAND,DIVORCED,"MESA,  ARIZONA",LAWYER
ESTELLE,HEBERT,ENGAGED,"SACRAMENTO,  CALIFORNIA",ACCOUNTANT
GIOVANNA,ENRIQUEZ,MARRIED,"ATLANTA,  GEORGIA",COMPLIANCE OFFICER
HOLLAND,HICKMAN,SINGLE,"KANSAS CITY,  MISSOURI",HIGH SCHOOL TEACHER
NANCY,QUINTERO,SINGLE,"COLORADO SPRINGS,  COLORADO",CLINICAL LABORATORY TECHNICIAN
EMMALYNN,RANDOLPH,DIVORCED,"MIAMI,  FLORIDA",MAINTENANCE & REPAIR WORKER
MYLAH,SCHAEFER,ENGAGED,"RALEIGH,  NORTH CAROLINA","BOOKKEEPING, ACCOUNTING, & AUDIT CLERK"
ROSALEE,WALLS,MARRIED,"OMAHA,  NEBRASKA",FINANCIAL MANAGER
SARIAH,TREJO,SINGLE,"LONG BEACH,  CALIFORNIA",RECREATION & FITNESS WORKER
ZOIE,HOUSE,DIVORCED,"VIRGINIA BEACH,  VIRGINIA",INSURANCE AGENT
BLAIRE,REILLY,ENGAGED,"OAKLAND,  CALIFORNIA",ELEMENTARY SCHOOL TEACHER
LYANNA,PENNINGTON,MARRIED,"MINNEAPOLIS,  MINNESOTA",DENTAL ASSISTANT
MAXINE,MICHAEL,SINGLE,"TULSA,  OKLAHOMA",MANAGEMENT ANALYST
ANAIS,CONRAD,SINGLE,"ARLINGTON,  TEXAS",HOME HEALTH AIDE
DANA,GILES,DIVORCED,"TAMPA,  FLORIDA",PHARMACY TECHNICIAN
JUDITH,BENJAMIN,ENGAGED,"NEW ORLEANS,  LOUISIANA",CONSTRUCTION MANAGER
KIERA,CROSBY,MARRIED,"WICHITA,  KANSAS",PUBLIC RELATIONS SPECIALIST
JAELYNN,FITZPATRICK,SINGLE,"CLEVELAND,  OHIO",MIDDLE SCHOOL TEACHER
NOOR,DONOVAN,DIVORCED,"BAKERSFIELD,  CALIFORNIA",MASSAGE THERAPIST
KAI,MAYS,ENGAGED,"AURORA,  COLORADO",PARAMEDIC
ADALEE,MAHONEY,MARRIED,"ANAHEIM,  CALIFORNIA",PRESCHOOL TEACHER
OAKLEE,VALENTINE,SINGLE,"HONOLULU,  HAWAII",HAIRDRESSER
AMARIS,RAYMOND,SINGLE,"SANTA ANA,  CALIFORNIA",MARKETING MANAGER
JAYCEE,MEDRANO,DIVORCED,"RIVERSIDE,  CALIFORNIA",PATROL OFFICER
BELLE,HAHN,ENGAGED,"CORPUS CHRISTI,  TEXAS",SCHOOL COUNSELOR
CAROLYN,MCMILLAN,MARRIED,"LEXINGTON,  KENTUCKY",EXECUTIVE ASSISTANT
DELLA,SMALL,SINGLE,"STOCKTON,  CALIFORNIA",FINANCIAL ANALYST
KARTER,BENTLEY,DIVORCED,"HENDERSON,  NEVADA",PERSONAL CARE AIDE
SKY,FELIX,ENGAGED,"SAINT PAUL,  MINNESOTA",CLINICAL SOCIAL WORKER
TREASURE,PECK,MARRIED,"ST. LOUIS,  MISSOURI",BUSINESS OPERATIONS MANAGER
VIENNA,LUCERO,SINGLE,"CINCINNATI,  OHIO",LOAN OFFICER
JEWEL,BOYLE,SINGLE,"PITTSBURGH,  PENNSYLVANIA","MEETING, CONVENTION & EVENT PLANNER"
RIVKA,HANNA,DIVORCED,"GREENSBORO,  NORTH CAROLINA",MENTAL HEALTH COUNSELOR
ROSALYN,PACE,ENGAGED,"ANCHORAGE,  ALASKA",NURSING AIDE
ALANNAH,RUSH,MARRIED,"PLANO,  TEXAS",SALES REPRESENTATIVE
ELLIANNA,HURLEY,SINGLE,"LINCOLN,  NEBRASKA",ARCHITECT
SUNNY,HARDING,DIVORCED,"ORLANDO,  FLORIDA",SALES MANAGER
CLAUDIA,MCCONNELL,ENGAGED,"IRVINE,  CALIFORNIA",HR SPECIALIST
CARA,BERNAL,MARRIED,"NEWARK,  NEW JERSEY",PLUMBER
HAILEE,NAVA,SINGLE,"TOLEDO,  OHIO",REAL ESTATE AGENT
ESTRELLA,AYERS,SINGLE,"DURHAM,  NORTH CAROLINA",GLAZIER
HARLEIGH,EVERETT,DIVORCED,"CHULA VISTA,  CALIFORNIA",ART DIRECTOR
ZHAVIA,VENTURA,ENGAGED,"FORT WAYNE,  INDIANA",CUSTOMER SERVICE REPRESENTATIVE
ALIANNA,AVERY,MARRIED,"JERSEY CITY,  NEW JERSEY",LOGISTICIAN
BRITTANY,PUGH,SINGLE,"ST. PETERSBURG,  FLORIDA",AUTO MECHANIC
JAYLENE,MAYER,DIVORCED,"LAREDO,  TEXAS",BUS DRIVER
JOURNI,BENDER,ENGAGED,"MADISON,  WISCONSIN",RESTAURANT COOK
MARISSA,SHEPARD,MARRIED,"CHANDLER,  ARIZONA",CHILD & FAMILY SOCIAL WORKER
MAVIS,MCMAHON,SINGLE,"BUFFALO,  NEW YORK",ADMINISTRATIVE ASSISTANT
ILIANA,LANDRY,SINGLE,"LUBBOCK,  TEXAS",RECEPTIONIST
JURNEE,CASE,DIVORCED,"SCOTTSDALE,  ARIZONA",PARALEGAL
AISLINN,SAMPSON,ENGAGED,"RENO,  NEVADA",CEMENT MASON & CONCRETE FINISHER
ALYSON,MOSES,MARRIED,"GLENDALE,  ARIZONA",PAINTER
ELSA,MAGANA,SINGLE,"GILBERT,  ARIZONA",SPORTS COACH
KAMIYAH,BLACKBURN,DIVORCED,"WINSTON–SALEM,  NORTH CAROLINA",TEACHER ASSISTANT
KIANA,DUNLAP,ENGAGED,"NORTH LAS VEGAS,  NEVADA",BRICKMASON & BLOCKMASON
LISA,GOULD,MARRIED,"NORFOLK,  VIRGINIA",CASHIER
ARLETTE,DUFFY,SINGLE,"CHESAPEAKE,  VIRGINIA",JANITOR
KADENCE,VAUGHAN,SINGLE,"GARLAND,  TEXAS",ELECTRICIAN
KATHLEEN,HERRING,DIVORCED,"IRVING,  TEXAS",DELIVERY TRUCK DRIVER
HALLE,MCKAY,ENGAGED,"HIALEAH,  FLORIDA",MAID & HOUSEKEEPER
ERIKA,ESPINOSA,MARRIED,"FREMONT,  CALIFORNIA",CARPENTER
SYLVIE,RIVERS,SINGLE,"BOISE,  IDAHO",SECURITY GUARD
ADELE,FARLEY,DIVORCED,"RICHMOND,  VIRGINIA",CONSTRUCTION WORKER
ERICA,BERNARD,ENGAGED,"BATON ROUGE,  LOUISIANA",FABRICATOR
VEDA,ASHLEY,MARRIED,"SPOKANE,  WASHINGTON",TELEMARKETER
WHITNEY,FRIEDMAN,SINGLE,"NEW YORK, NEW YORK",DENTIST
BEXLEY,POTTS,SINGLE,"LOS ANGELES,  CALIFORNIA",REGISTERED NURSE
EMMALINE,TRUONG,DIVORCED,"CHICAGO,  ILLINOIS",PHARMACIST
GUADALUPE,COSTA,ENGAGED,"HOUSTON,  TEXAS",COMPUTER SYSTEMS ANALYST
AUGUST,CORREA,MARRIED,"PHOENIX,  ARIZONA",PHYSICIAN
BRYNLEIGH,BLEVINS,SINGLE,"PHILADELPHIA,  PENNSYLVANIA",DATABASE ADMINISTRATOR
GWEN,NIXON,DIVORCED,"SAN ANTONIO,  TEXAS",SOFTWARE DEVELOPER
PROMISE,CLEMENTS,ENGAGED,"SAN DIEGO,  CALIFORNIA",PHYSICAL THERAPIST
ALISSON,FRY,MARRIED,"DALLAS,  TEXAS",WEB DEVELOPER
INDIA,DELAROSA,SINGLE,"SAN JOSE,  CALIFORNIA",DENTAL HYGIENIST
MADALYNN,BEST,SINGLE,"AUSTIN,  TEXAS",OCCUPATIONAL THERAPIST
PALOMA,BENTON,DIVORCED,"JACKSONVILLE,  FLORIDA",VETERINARIAN
PATRICIA,LUGO,ENGAGED,"FORT WORTH,  TEXAS",COMPUTER PROGRAMMER
SAMIRA,PORTILLO,MARRIED,"COLUMBUS,  OHIO",SCHOOL PSYCHOLOGIST
ALIYA,DOUGHERTY,SINGLE,"SAN FRANCISCO,  CALIFORNIA",PHYSICAL THERAPIST ASSISTANT
CASEY,CRANE,DIVORCED,"CHARLOTTE,  NORTH CAROLINA",INTERPRETER & TRANSLATOR
JAZLYNN,HALEY,ENGAGED,"INDIANAPOLIS,  INDIANA",MECHANICAL ENGINEER
PAULINA,PHAN,MARRIED,"SEATTLE,  WASHINGTON",VETERINARY TECHNOLOGIST & TECHNICIAN
DULCE,VILLALOBOS,SINGLE,"DENVER,  COLORADO",EPIDEMIOLOGIST
KALLIE,BLANCHARD,SINGLE,"WASHINGTON,  DISTRICT OF COLUMBIA",IT MANAGER
PERLA,HORNE,DIVORCED,"BOSTON,  MASSACHUSETTS",MARKET RESEARCH ANALYST
ADRIENNE,FINLEY,ENGAGED,"EL PASO,  TEXAS",DIAGNOSTIC MEDICAL SONOGRAPHER
ALORA,QUINTANA,MARRIED,"DETROIT,  MICHIGAN",COMPUTER SYSTEMS ADMINISTRATOR
NATALY,LYNN,SINGLE,"NASHVILLE,  TENNESSEE",RESPIRATORY THERAPIST
AYLEEN,ESQUIVEL,DIVORCED,"PORTLAND,  OREGON",MEDICAL SECRETARY
CHRISTINE,BEAN,ENGAGED,"MEMPHIS,  TENNESSEE",CIVIL ENGINEER
KAIYA,DODSON,MARRIED,"OKLAHOMA CITY,  OKLAHOMA",SUBSTANCE ABUSE COUNSELOR
ARIADNE,MULLEN,SINGLE,"LAS VEGAS,  NEVADA",SPEECH-LANGUAGE PATHOLOGIST
KARLEE,XIONG,SINGLE,"LOUISVILLE,  KENTUCKY",LANDSCAPER & GROUNDSKEEPER
BARBARA,HAYDEN,DIVORCED,"BALTIMORE,  MARYLAND",RADIOLOGIC TECHNOLOGIST
LILLIANNA,CANO,ENGAGED,"MILWAUKEE,  WISCONSIN",COST ESTIMATOR
RAQUEL,LEVY,MARRIED,"ALBUQUERQUE,  NEW MEXICO",FINANCIAL ADVISOR
SANIYAH,HUBER,SINGLE,"TUCSON,  ARIZONA",MARRIAGE & FAMILY THERAPIST
YAMILETH,RICHMOND,DIVORCED,"FRESNO,  CALIFORNIA",MEDICAL ASSISTANT
ARELY,MOYER,ENGAGED,"MESA,  ARIZONA",LAWYER
CELIA,LIM,MARRIED,"SACRAMENTO,  CALIFORNIA",ACCOUNTANT
HEAVENLY,FRYE,SINGLE,"ATLANTA,  GEORGIA",COMPLIANCE OFFICER
KAYLIN,SHEPPARD,SINGLE,"KANSAS CITY,  MISSOURI",HIGH SCHOOL TEACHER
MARISOL,MCCARTY,DIVORCED,"COLORADO SPRINGS,  COLORADO",CLINICAL LABORATORY TECHNICIAN
MARLEIGH,AVALOS,ENGAGED,"MIAMI,  FLORIDA",MAINTENANCE & REPAIR WORKER
AVALYN,BOOKER,MARRIED,"RALEIGH,  NORTH CAROLINA","BOOKKEEPING, ACCOUNTING, & AUDIT CLERK"
BERKLEY,WALLER,SINGLE,"OMAHA,  NEBRASKA",FINANCIAL MANAGER
KATALEYA,PARRA,DIVORCED,"LONG BEACH,  CALIFORNIA",RECREATION & FITNESS WORKER
ZAINAB,WOODWARD,ENGAGED,"VIRGINIA BEACH,  VIRGINIA",INSURANCE AGENT
DANI,JARAMILLO,MARRIED,"OAKLAND,  CALIFORNIA",ELEMENTARY SCHOOL TEACHER
EGYPT,KRUEGER,SINGLE,"MINNEAPOLIS,  MINNESOTA",DENTAL ASSISTANT
JOYCE,RASMUSSEN,SINGLE,"TULSA,  OKLAHOMA",MANAGEMENT ANALYST
KENLEY,BRANDT,DIVORCED,"ARLINGTON,  TEXAS",HOME HEALTH AIDE
ANNABEL,PERALTA,ENGAGED,"TAMPA,  FLORIDA",PHARMACY TECHNICIAN
KAELYN,DONALDSON,MARRIED,"NEW ORLEANS,  LOUISIANA",CONSTRUCTION MANAGER
ETTA,STUART,SINGLE,"WICHITA,  KANSAS",PUBLIC RELATIONS SPECIALIST
HADLEIGH,FAULKNER,DIVORCED,"CLEVELAND,  OHIO",MIDDLE SCHOOL TEACHER
JOSELYN,MAYNARD,ENGAGED,"BAKERSFIELD,  CALIFORNIA",MASSAGE THERAPIST
LUELLA,GALINDO,MARRIED,"AURORA,  COLORADO",PARAMEDIC
JAYLEE,COFFEY,SINGLE,"ANAHEIM,  CALIFORNIA",PRESCHOOL TEACHER
ZOLA,ESTES,SINGLE,"HONOLULU,  HAWAII",HAIRDRESSER
ALISHA,SANFORD,DIVORCED,"SANTA ANA,  CALIFORNIA",MARKETING MANAGER
EZRA,BURCH,ENGAGED,"RIVERSIDE,  CALIFORNIA",PATROL OFFICER
QUEEN,MADDOX,MARRIED,"CORPUS CHRISTI,  TEXAS",SCHOOL COUNSELOR
AMIA,VO,SINGLE,"LEXINGTON,  KENTUCKY",EXECUTIVE ASSISTANT
ANNALEE,OCONNELL,DIVORCED,"STOCKTON,  CALIFORNIA",FINANCIAL ANALYST
BELLAMY,VU,ENGAGED,"HENDERSON,  NEVADA",PERSONAL CARE AIDE
PAOLA,ANDERSEN,MARRIED,"SAINT PAUL,  MINNESOTA",CLINICAL SOCIAL WORKER
TINLEY,SPENCE,SINGLE,"ST. LOUIS,  MISSOURI",BUSINESS OPERATIONS MANAGER
VIOLETA,MCPHERSON,SINGLE,"CINCINNATI,  OHIO",LOAN OFFICER
JENESIS,CHURCH,DIVORCED,"PITTSBURGH,  PENNSYLVANIA","MEETING, CONVENTION & EVENT PLANNER"
ARDEN,SCHMITT,ENGAGED,"GREENSBORO,  NORTH CAROLINA",MENTAL HEALTH COUNSELOR
GIANA,STANTON,MARRIED,"ANCHORAGE,  ALASKA",NURSING AIDE
WENDY,LEAL,SINGLE,"PLANO,  TEXAS",SALES REPRESENTATIVE
ELLISON,CHERRY,DIVORCED,"LINCOLN,  NEBRASKA",ARCHITECT
FLORENCE,COMPTON,ENGAGED,"ORLANDO,  FLORIDA",SALES MANAGER
MARGO,DUDLEY,MARRIED,"IRVINE,  CALIFORNIA",HR SPECIALIST
NAYA,SIERRA,SINGLE,"NEWARK,  NEW JERSEY",PLUMBER
ROBIN,POLLARD,SINGLE,"TOLEDO,  OHIO",REAL ESTATE AGENT
SANDRA,ALFARO,DIVORCED,"DURHAM,  NORTH CAROLINA",GLAZIER
SCOUT,HESTER,ENGAGED,"CHULA VISTA,  CALIFORNIA",ART DIRECTOR
WAVERLY,PROCTOR,MARRIED,"FORT WAYNE,  INDIANA",CUSTOMER SERVICE REPRESENTATIVE
JANESSA,LU,SINGLE,"JERSEY CITY,  NEW JERSEY",LOGISTICIAN
JAYDEN,HINTON,DIVORCED,"ST. PETERSBURG,  FLORIDA",AUTO MECHANIC
MICAH,NOVAK,ENGAGED,"LAREDO,  TEXAS",BUS DRIVER
NOVAH,GOOD,MARRIED,"MADISON,  WISCONSIN",RESTAURANT COOK
ZORA,MADDEN,SINGLE,"CHANDLER,  ARIZONA",CHILD & FAMILY SOCIAL WORKER
ANN,MCCANN,SINGLE,"BUFFALO,  NEW YORK",ADMINISTRATIVE ASSISTANT
JANA,TERRELL,DIVORCED,"LUBBOCK,  TEXAS",RECEPTIONIST
TALIYAH,JARVIS,ENGAGED,"SCOTTSDALE,  ARIZONA",PARALEGAL
VADA,DICKSON,MARRIED,"RENO,  NEVADA",CEMENT MASON & CONCRETE FINISHER
GIAVANNA,REYNA,SINGLE,"GLENDALE,  ARIZONA",PAINTER
INGRID,CANTRELL,DIVORCED,"GILBERT,  ARIZONA",SPORTS COACH
VALERY,MAYO,ENGAGED,"WINSTON–SALEM,  NORTH CAROLINA",TEACHER ASSISTANT
AZARIA,BRANCH,MARRIED,"NORTH LAS VEGAS,  NEVADA",BRICKMASON & BLOCKMASON
EMMARIE,HENDRIX,SINGLE,"NORFOLK,  VIRGINIA",CASHIER
ESPERANZA,ROLLINS,SINGLE,"CHESAPEAKE,  VIRGINIA",JANITOR
KAILYN,ROWLAND,DIVORCED,"GARLAND,  TEXAS",ELECTRICIAN
AIYANA,WHITNEY,ENGAGED,"IRVING,  TEXAS",DELIVERY TRUCK DRIVER
KEILANI,DUKE,MARRIED,"HIALEAH,  FLORIDA",MAID & HOUSEKEEPER
AUSTYN,ODOM,SINGLE,"FREMONT,  CALIFORNIA",CARPENTER
WHITLEY,DAUGHERTY,DIVORCED,"BOISE,  IDAHO",SECURITY GUARD
ELINA,TRAVIS,ENGAGED,"RICHMOND,  VIRGINIA",CONSTRUCTION WORKER
KIMORA,TANG,MARRIED,"BATON ROUGE,  LOUISIANA",FABRICATOR
MALIAH,FOX,SINGLE,"GLENDALE,  ARIZONA",TELEMARKETER
,,,,
,,,,
,,,,
,,,,
,,,,
,,,,
,,,,
,,,,
,,,,
,,,,
,,,,
,,,,
,,,,
,,,,
,,,,
,,,,
,,,,
,,,,
,,,,
,,,,
,,,,
,,,,
,,,,
,,,,
,,,,
,,,,
,,,,
,,,,
,,,,
,,,,
,,,,
,,,,
,,,,
,,,,
,,,,
,,,,
,,,,
,,,,
,,,,
,,,,
,,,,
,,,,
,,,,
,,,,
,,,,
,,,,
,,,,
,,,,
,,,,
,,,,
,,,,
,,,,
,,,,
,,,,
,,,,
,,,,
,,,,
,,,,
,,,,
,,,,
,,,,
,,,,
,,,,
,,,,
,,,,
,,,,
,,,,
,,,,
,,,,
,,,,
,,,,
,,,,
,,,,
,,,,
,,,,
,,,,
,,,,
,,,,
,,,,
,,,,
,,,,
,,,,
,,,,
,,,,
,,,,
,,,,
,,,,
,,,,
,,,,
,,,,
,,,,
,,,,
,,,,
,,,,
,,,,
,,,,
,,,,
,,,,
,,,,
,,,,
,,,,
,,,,
,,,,
,,,,
,,,,
,,,,
,,,,
,,,,
,,,,
,,,,
,,,,
,,,,
,,,,
,,,,
,,,,
,,,,
,,,,
,,,,
,,,,
,,,,
,,,,
,,,,
,,,,
,,,,
,,,,
,,,,
,,,,
,,,,
,,,,
,,,,
,,,,
,,,,
,,,,
,,,,
,,,,
,,,,
,,,,
,,,,
,,,,
,,,,
,,,,
,,,,
,,,,
,,,,
,,,,
,,,,
,,,,
,,,,
,,,,
,,,,
,,,,
,,,,
,,,,
,,,,
,,,,
,,,,
,,,,
,,,,
,,,,
,,,,
,,,,
,,,,
,,,,
,,,,
,,,,
,,,,
,,,,
,,,,
,,,,
,,,,
,,,,
,,,,
,,,,
,,,,
,,,,
,,,,
,,,,
,,,,
,,,,
,,,,
,,,,
,,,,
,,,,
,,,,
,,,,
,,,,
,,,,
,,,,
,,,,
,,,,
,,,,
,,,,
,,,,
,,,,
,,,,
,,,,
,,,,
,,,,
,,,,
,,,,
,,,,
,,,,
,,,,
,,,,
,,,,
,,,,
,,,,
,,,,
,,,,
,,,,
,,,,
,,,,
,,,,
,,,,
,,,,
,,,,
,,,,
,,,,
,,,,
,,,,
,,,,
,,,,
,,,,
,,,,
,,,,
,,,,
,,,,
,,,,
,,,,
,,,,
,,,,
,,,,
,,,,
,,,,
,,,,
,,,,
,,,,
,,,,
,,,,
,,,,
,,,,
,,,,
,,,,
,,,,
,,,,
,,,,
,,,,
,,,,
,,,,
,,,,
,,,,
,,,,
,,,,
,,,,
,,,,
,,,,
,,,,
,,,,
,,,,
,,,,
,,,,
,,,,
,,,,
,,,,
,,,,
,,,,
,,,,
,,,,
,,,,
,,,,
,,,,
,,,,
,,,,
,,,,
,,,,
,,,,
,,,,
,,,,
,,,,
,,,,
,,,,
,,,,
,,,,
,,,,
,,,,
,,,,
,,,,
,,,,
,,,,
,,,,
,,,,
,,,,
,,,,
,,,,
,,,,
,,,,
,,,,
,,,,
,,,,
,,,,
,,,,
,,,,
,,,,
,,,,
,,,,
,,,,
,,,,
,,,,
,,,,
,,,,
,,,,
,,,,
,,,,
,,,,
,,,,
,,,,
,,,,
,,,,
,,,,
,,,,
,,,,
,,,,
,,,,
,,,,
,,,,
,,,,
,,,,
,,,,
,,,,
,,,,
,,,,
,,,,
,,,,
,,,,
,,,,
,,,,
,,,,
,,,,
,,,,
,,,,
,,,,
,,,,
,,,,
,,,,
,,,,
,,,,
,,,,
,,,,
,,,,
,,,,
,,,,
,,,,
,,,,
,,,,
,,,,
,,,,
,,,,
,,,,
,,,,
,,,,
,,,,
,,,,
,,,,
,,,,
,,,,
,,,,
,,,,
,,,,
,,,,
,,,,
,,,,
,,,,
,,,,
,,,,
,,,,
,,,,
,,,,
,,,,
,,,,
,,,,
,,,,
,,,,
,,,,
,,,,
,,,,
,,,,
,,,,
,,,,
,,,,
,,,,
,,,,
,,,,
,,,,
,,,,
,,,,
,,,,
,,,,
,,,,
,,,,
,,,,
,,,,
,,,,
,,,,
,,,,
,,,,
,,,,
,,,,
,,,,
,,,,
,,,,
,,,,
,,,,
,,,,
,,,,
,,,,
,,,,
,,,,
,,,,
,,,,
,,,,
,,,,
,,,,
,,,,
,,,,
,,,,
,,,,
,,,,
,,,,
,,,,
,,,,
,,,,
,,,,
,,,,
,,,,
,,,,
,,,,
,,,,
,,,,
,,,,
,,,,
,,,,
,,,,
,,,,
,,,,
,,,,
,,,,
,,,,
,,,,
,,,,
,,,,
,,,,
,,,,
,,,,
,,,,
,,,,
,,,,
,,,,
,,,,
,,,,
,,,,
,,,,
,,,,
,,,,
,,,,
,,,,
,,,,
,,,,
,,,,
,,,,
,,,,
,,,,
,,,,
,,,,
,,,,
,,,,
,,,,
,,,,
,,,,
,,,,
,,,,
,,,,
,,,,
,,,,
,,,,
,,,,
,,,,
,,,,
,,,,
,,,,
,,,,
,,,,
,,,,
,,,,
,,,,
,,,,
,,,,
,,,,
,,,,
,,,,
,,,,
,,,,
,,,,
,,,,
,,,,
,,,,
,,,,
,,,,
,,,,
,,,,
,,,,
,,,,
,,,,
,,,,
,,,,
,,,,
,,,,
,,,,
,,,,
,,,,
,,,,
,,,,
,,,,
,,,,
,,,,
,,,,
,,,,
,,,,
,,,,
,,,,
,,,,
,,,,
,,,,
,,,,
,,,,
,,,,
,,,,
,,,,
,,,,
,,,,
,,,,
,,,,
,,,,
,,,,
,,,,
,,,,
,,,,
,,,,
,,,,
,,,,
,,,,
,,,,
,,,,
,,,,
,,,,
,,,,
,,,,
,,,,
,,,,
,,,,
,,,,
,,,,
,,,,
,,,,
,,,,
,,,,
,,,,
,,,,
,,,,
,,,,
,,,,
,,,,
,,,,
,,,,
,,,,
,,,,
,,,,
,,,,
,,,,
,,,,
,,,,
,,,,
,,,,
,,,,
,,,,
,,,,
,,,,
,,,,
,,,,
,,,,
,,,,
,,,,
,,,,
,,,,
,,,,
,,,,
,,,,
,,,,
,,,,
,,,,
,,,,